numero_expediente,fecha_presentacion,sesion,tipo,titulo_oficial,titulo_publico_propuesto,resumen_propuesto,comision_principal,comisiones_secundarias,area_tematica,autoria,responsable,estado_preparacion,estado_tramite,existe_en_panel,id_actual,id_destino,tiene_docx,tiene_expediente_pdf,url_fuente_oficial,url_pdf_oficial,nombre_pdf,accion_requerida,observaciones,estado_de_verificacion
19669,2026-03-11,1ª Reunión | 1ª Sesión Ordinaria,Ley,Crea el Régimen Extraordinario de Asistencia Económica Transitoria para trabajadores cesanteados de Emilio Alal SACIFI.,Asistencia económica para trabajadores cesanteados de Alal,"Propone asistencia económica para trabajadores cesanteados de Alal. La iniciativa establece un marco provincial para ordenar su aplicación, definir responsabilidades y brindar una respuesta institucional al problema abordado en el expediente. Sus mecanismos y alcances se encuentran desarrollados en el texto oficial.","Legislación Del Trabajo, Previsión Y Seguridad Social","Hacienda, Presupuesto E Impuestos",Seguridad,coautoria,Gonzalo,Presentado,En comisiones,True,P-0015,EXP-19669,True,True,https://hcdcorrientes.gov.ar/expedientes/19669/,https://hcdcorrientes.gov.ar/wp-content/uploads/2026/03/Expte-19669.pdf,EXPTE-19669-LEY-crea-el-regimen-extraordinario-de-asistencia-economica-transitoria-par.pdf,actualizar_y_migrar,,verificado_fuente_y_pdf_oficial
19670,2026-03-11,1ª Reunión | 1ª Sesión Ordinaria,Ley,Crea el Programa Provincial de Desendeudamiento Personal y Familiar “Alivio Corrientes”.,Programa de desendeudamiento Alivio Corrientes,"Propone programa de desendeudamiento Alivio Corrientes. La iniciativa establece un marco provincial para ordenar su aplicación, definir responsabilidades y brindar una respuesta institucional al problema abordado en el expediente. Sus mecanismos y alcances se encuentran desarrollados en el texto oficial.","Hacienda, Presupuesto E Impuestos",,Transparencia institucional,coautoria,Gonzalo,Presentado,En comisiones,True,P-0019,EXP-19670,True,True,https://hcdcorrientes.gov.ar/expedientes/19670/,https://hcdcorrientes.gov.ar/wp-content/uploads/2026/03/Expte-19670.pdf,EXPTE-19670-LEY-crea-el-programa-provincial-de-desendeudamiento-personal-y-familiar-al.pdf,actualizar_y_migrar,,verificado_fuente_y_pdf_oficial
19714,2026-03-18,2ª Reunión | 2ª Sesión Ordinaria,Ley,Establece un Régimen Provincial de Garantía de Prestaciones de Salud Vinculadas a la Identidad de Género.,Cobertura de IOSCOR para prestaciones de identidad de género,"Propone cobertura de IOSCOR para prestaciones de identidad de género. La iniciativa establece un marco provincial para ordenar su aplicación, definir responsabilidades y brindar una respuesta institucional al problema abordado en el expediente. Sus mecanismos y alcances se encuentran desarrollados en el texto oficial.",Salud Pública,"Derechos Humanos, Género Y Diversidad",Salud,coautoria,Gonzalo,Presentado,En comisiones,True,P-0022,EXP-19714,True,True,https://hcdcorrientes.gov.ar/expedientes/19714/,https://hcdcorrientes.gov.ar/wp-content/uploads/2026/03/Expte-19714.pdf,EXPTE-19714-LEY-establece-un-regimen-provincial-de-garantia-de-prestaciones-de-salud-v.pdf,actualizar_y_migrar,,verificado_fuente_y_pdf_oficial
19715,2026-03-18,2ª Reunión | 2ª Sesión Ordinaria,Ley,Modifica la ley 5448. Inhabilitación de Acceso a Establecimientos de Juego de Azar para Deudores Alimentarios.,Acceso a salas de juego y deudores alimentarios,"Propone acceso a salas de juego y deudores alimentarios. La iniciativa establece un marco provincial para ordenar su aplicación, definir responsabilidades y brindar una respuesta institucional al problema abordado en el expediente. Sus mecanismos y alcances se encuentran desarrollados en el texto oficial.",Asuntos Constitucionales Y Legislación General,,Transparencia institucional,coautoria,Gonzalo,Presentado,En comisiones,True,P-0020,EXP-19715,True,True,https://hcdcorrientes.gov.ar/expedientes/19715/,https://hcdcorrientes.gov.ar/wp-content/uploads/2026/03/Expte-19715.pdf,EXPTE-19715-LEY-modifica-la-ley-5448-inhabilitacion-de-acceso-a-establecimientos-de-ju.pdf,actualizar_y_migrar,La ficha oficial presenta una anomalía en el campo de autores; el expediente descargado fue verificado.,verificado_fuente_y_pdf_oficial
19788,2026-04-08,3ª Reunión | 3ª Sesión Ordinaria,Ley,Crea el Régimen de Protección de la Disponibilidad de Haberes Acreditados en Cuentas Vinculadas al Pago de Prestaciones frente a Débitos Automáticos de Tarjeta de Crédito.,Protección del salario frente a débitos automáticos,"Propone protección del salario frente a débitos automáticos. La iniciativa establece un marco provincial para ordenar su aplicación, definir responsabilidades y brindar una respuesta institucional al problema abordado en el expediente. Sus mecanismos y alcances se encuentran desarrollados en el texto oficial.",Defensa Del Consumidor,"Hacienda, Presupuesto E Impuestos",Trabajo,coautoria,Gonzalo,Presentado,En comisiones,True,P-0032,EXP-19788,True,True,https://hcdcorrientes.gov.ar/expedientes/19788/,https://hcdcorrientes.gov.ar/wp-content/uploads/2026/04/Expte-19788.pdf,EXPTE-19788-LEY-crea-el-regimen-de-proteccion-de-la-disponibilidad-de-haberes-acredita.pdf,actualizar_y_migrar,,verificado_fuente_y_pdf_oficial
19789,2026-04-08,3ª Reunión | 3ª Sesión Ordinaria,Ley,Asignación Provincial de Incentivo Docente y Garantías de Transparencia y Tutela Salarial Docente.,Asignación Provincial de Incentivo Docente,"Propone asignación Provincial de Incentivo Docente. La iniciativa establece un marco provincial para ordenar su aplicación, definir responsabilidades y brindar una respuesta institucional al problema abordado en el expediente. Sus mecanismos y alcances se encuentran desarrollados en el texto oficial.","Hacienda, Presupuesto E Impuestos","Legislación Del Trabajo, Previsión Y Seguridad Social",Educación,coautoria,Gonzalo,Presentado,En comisiones,True,P-0038,EXP-19789,True,True,https://hcdcorrientes.gov.ar/expedientes/19789/,https://hcdcorrientes.gov.ar/wp-content/uploads/2026/04/Expte-19789.pdf,EXPTE-19789-LEY-asignacion-provincial-de-incentivo-docente-y-garantias-de-transparenci.pdf,actualizar_y_migrar,,verificado_fuente_y_pdf_oficial
19794,2026-04-08,3ª Reunión | 3ª Sesión Ordinaria,Ley,Crea el Plan Provincial “Corrientes Cooperativa”,Plan Provincial Corrientes Cooperativa,"Propone plan Provincial Corrientes Cooperativa. La iniciativa establece un marco provincial para ordenar su aplicación, definir responsabilidades y brindar una respuesta institucional al problema abordado en el expediente. Sus mecanismos y alcances se encuentran desarrollados en el texto oficial.","Educación, Cultura, Ciencia Y Tecnología",,Educación,acompanado,Gonzalo,Presentado,En comisiones,True,P-0052,EXP-19794,True,False,https://hcdcorrientes.gov.ar/expedientes/19794/,https://hcdcorrientes.gov.ar/wp-content/uploads/2026/04/Expte-19794.pdf,EXPTE-19794-LEY-crea-el-plan-provincial-corrientes-cooperativa.pdf,actualizar_y_migrar,,verificado_fuente_y_pdf_oficial
19832,2026-04-15,4ª Reunión | 4ª Sesión Ordinaria,Ley,Modifica la ley 3079 – Régimen de Transparencia Informativa Mínima en Carteles de Obra Pública Provincial.,Transparencia informativa en carteles de obra pública,"Propone transparencia informativa en carteles de obra pública. La iniciativa establece un marco provincial para ordenar su aplicación, definir responsabilidades y brindar una respuesta institucional al problema abordado en el expediente. Sus mecanismos y alcances se encuentran desarrollados en el texto oficial.","Energía, Transporte, Obras Y Servicios Públicos",,Infraestructura,coautoria,Gonzalo,Presentado,En comisiones,True,P-0008,EXP-19832,True,True,https://hcdcorrientes.gov.ar/expedientes/19832/,https://hcdcorrientes.gov.ar/wp-content/uploads/2026/04/Expte-19832-1.pdf,EXPTE-19832-LEY-modifica-la-ley-3079-regimen-de-transparencia-informativa-minima-en-ca.pdf,actualizar_y_migrar,,verificado_fuente_y_pdf_oficial
19837,2026-04-15,4ª Reunión | 4ª Sesión Ordinaria,Ley,Instituye el 2 de octubre de cada año como el “Día del Personal de Recursos Naturales de la Provincia de Corrientes”.,Día del Personal de Recursos Naturales de Corrientes,"Propone día del Personal de Recursos Naturales de Corrientes. La iniciativa establece un marco provincial para ordenar su aplicación, definir responsabilidades y brindar una respuesta institucional al problema abordado en el expediente. Sus mecanismos y alcances se encuentran desarrollados en el texto oficial.",Ecología Y Ambiente,,Ambiente,acompanado,Gonzalo,Presentado,En comisiones,False,,EXP-19837,False,False,https://hcdcorrientes.gov.ar/expedientes/19837/,https://hcdcorrientes.gov.ar/wp-content/uploads/2026/04/Expte-19837-1.pdf,EXPTE-19837-LEY-instituye-el-2-de-octubre-de-cada-ano-como-el-dia-del-personal-de-recu.pdf,crear,,verificado_fuente_y_pdf_oficial
19841,2026-04-15,4ª Reunión | 4ª Sesión Ordinaria,Ley,"Reforma, Modernización y Normalización de IOSCOR.",Reforma y normalización del IOSCOR,"Propone reforma y normalización del IOSCOR. La iniciativa establece un marco provincial para ordenar su aplicación, definir responsabilidades y brindar una respuesta institucional al problema abordado en el expediente. Sus mecanismos y alcances se encuentran desarrollados en el texto oficial.",Salud Pública,Asuntos Constitucionales Y Legislación General,Salud,coautoria,Gonzalo,Presentado,En comisiones,True,P-0049,EXP-19841,True,True,https://hcdcorrientes.gov.ar/expedientes/19841/,https://hcdcorrientes.gov.ar/wp-content/uploads/2026/04/Expte-19841.pdf,EXPTE-19841-LEY-reforma-modernizacion-y-normalizacion-de-ioscor.pdf,actualizar_y_migrar,,verificado_fuente_y_pdf_oficial
19877,2026-04-29,5ª Reunión | 5ª Sesión Ordinaria,Ley,"Prevención, Control y Erradicación del Acoso y Violencia Laboral.","Prevención, Control y Erradicación del Acoso y Violencia Laboral","Propone prevención, Control y Erradicación del Acoso y Violencia Laboral. La iniciativa establece un marco provincial para ordenar su aplicación, definir responsabilidades y brindar una respuesta institucional al problema abordado en el expediente. Sus mecanismos y alcances se encuentran desarrollados en el texto oficial.","Legislación Del Trabajo, Previsión Y Seguridad Social",,Seguridad,acompanado,Gonzalo,Presentado,En comisiones,False,,EXP-19877,False,False,https://hcdcorrientes.gov.ar/expedientes/19877/,https://hcdcorrientes.gov.ar/wp-content/uploads/2026/04/Expte-19877.pdf,EXPTE-19877-LEY-prevencion-control-y-erradicacion-del-acoso-y-violencia-laboral.pdf,crear,,verificado_fuente_y_pdf_oficial
19931,2026-05-06,6ª Reunión | 6ª Sesión Ordinaria,Ley,Programa Provincial de Promoción del Deporte Inclusivo y Adaptado para Personas con Discapacidad.,Programa provincial de deporte inclusivo y adaptado,"Propone programa provincial de deporte inclusivo y adaptado. La iniciativa establece un marco provincial para ordenar su aplicación, definir responsabilidades y brindar una respuesta institucional al problema abordado en el expediente. Sus mecanismos y alcances se encuentran desarrollados en el texto oficial.",Protección De Personas Con Discapacidad,Deportes,Discapacidad,coautoria,Gonzalo,Presentado,En comisiones,True,P-0035,EXP-19931,True,False,https://hcdcorrientes.gov.ar/expedientes/19931/,https://hcdcorrientes.gov.ar/wp-content/uploads/2026/05/Expte-19931.pdf,EXPTE-19931-LEY-programa-provincial-de-promocion-del-deporte-inclusivo-y-adaptado-para.pdf,actualizar_y_migrar,La ficha oficial presenta una anomalía en el campo de autores; el expediente descargado fue verificado.,verificado_fuente_y_pdf_oficial
19932,2026-05-06,6ª Reunión | 6ª Sesión Ordinaria,Ley,"Pensión graciable, vitalicia y mensual como reconocimiento histórico, moral y honorífico para exsoldados de las Fuerzas Armadas y personal civil convocados durante la Guerra de Malvinas.","Pensión graciable, vitalicia y mensual como reconocimiento histórico","Propone pensión graciable, vitalicia y mensual como reconocimiento histórico. La iniciativa establece un marco provincial para ordenar su aplicación, definir responsabilidades y brindar una respuesta institucional al problema abordado en el expediente. Sus mecanismos y alcances se encuentran desarrollados en el texto oficial.",Asuntos Constitucionales Y Legislación General,"Hacienda, Presupuesto E Impuestos",Derechos Humanos,acompanado,Gonzalo,Presentado,En comisiones,False,,EXP-19932,False,False,https://hcdcorrientes.gov.ar/expedientes/19932/,https://hcdcorrientes.gov.ar/wp-content/uploads/2026/05/Expte-19932.pdf,EXPTE-19932-LEY-pension-graciable-vitalicia-y-mensual-como-reconocimiento-historico-mo.pdf,crear,,verificado_fuente_y_pdf_oficial
19939,2026-05-06,6ª Reunión | 6ª Sesión Ordinaria,Ley,"Régimen Provincial de Internación Domiciliaria, Cuidados Paliativos y Salud Digital.","Régimen Provincial de Internación Domiciliaria, Cuidados Paliativos y Salud Digital","Propone régimen Provincial de Internación Domiciliaria, Cuidados Paliativos y Salud Digital. La iniciativa establece un marco provincial para ordenar su aplicación, definir responsabilidades y brindar una respuesta institucional al problema abordado en el expediente. Sus mecanismos y alcances se encuentran desarrollados en el texto oficial.",Salud Pública,"Hacienda, Presupuesto E Impuestos",Salud,acompanado,Gonzalo,Presentado,En comisiones,False,,EXP-19939,False,False,https://hcdcorrientes.gov.ar/expedientes/19939/,https://hcdcorrientes.gov.ar/wp-content/uploads/2026/05/Expte-19939.pdf,EXPTE-19939-LEY-regimen-provincial-de-internacion-domiciliaria-cuidados-paliativos-y-s.pdf,crear,,verificado_fuente_y_pdf_oficial
19970,2026-05-13,7ª Reunión | 7ª Sesión Ordinaria,Ley,Establece el marco regulatorio para Pequeñas Unidades Productivas de Alimentos Artesanales (PUPAAs).,Marco regulatorio para alimentos artesanales,"Propone marco regulatorio para alimentos artesanales. La iniciativa establece un marco provincial para ordenar su aplicación, definir responsabilidades y brindar una respuesta institucional al problema abordado en el expediente. Sus mecanismos y alcances se encuentran desarrollados en el texto oficial.",Asuntos Constitucionales Y Legislación General,"Producción, Industria, Comercio Y Turismo",Transparencia institucional,acompanado,Gonzalo,Presentado,En comisiones,False,,EXP-19970,False,False,https://hcdcorrientes.gov.ar/expedientes/19970/,https://hcdcorrientes.gov.ar/wp-content/uploads/2026/05/Expte-19970.pdf,EXPTE-19970-LEY-establece-el-marco-regulatorio-para-pequenas-unidades-productivas-de-a.pdf,crear,,verificado_fuente_y_pdf_oficial
19972,2026-05-13,7ª Reunión | 7ª Sesión Ordinaria,Ley,Sistema Provincial de Cobertura Sanitaria Rural.,Sistema Provincial de Cobertura Sanitaria Rural,"Propone sistema Provincial de Cobertura Sanitaria Rural. La iniciativa establece un marco provincial para ordenar su aplicación, definir responsabilidades y brindar una respuesta institucional al problema abordado en el expediente. Sus mecanismos y alcances se encuentran desarrollados en el texto oficial.",Salud Pública,"Hacienda, Presupuesto E Impuestos",Salud,coautoria,Gonzalo,Presentado,En comisiones,True,P-0068,EXP-19972,True,False,https://hcdcorrientes.gov.ar/expedientes/19972/,https://hcdcorrientes.gov.ar/wp-content/uploads/2026/05/Expte-19972.pdf,EXPTE-19972-LEY-sistema-provincial-de-cobertura-sanitaria-rural.pdf,actualizar_y_migrar,,verificado_fuente_y_pdf_oficial
20037,2026-06-03,9ª Reunión | 9ª Sesión Ordinaria,Ley,"Plan Integral de Tenencia Responsable y Sanidad de Animales Domésticos, Comunitarios y de Trabajo.",Plan Integral de Tenencia Responsable y Sanidad de Animales Domésticos,"Propone plan Integral de Tenencia Responsable y Sanidad de Animales Domésticos. La iniciativa establece un marco provincial para ordenar su aplicación, definir responsabilidades y brindar una respuesta institucional al problema abordado en el expediente. Sus mecanismos y alcances se encuentran desarrollados en el texto oficial.",Asuntos Constitucionales Y Legislación General,,Trabajo,acompanado,Gonzalo,Presentado,En comisiones,False,,EXP-20037,False,False,https://hcdcorrientes.gov.ar/expedientes/20037/,https://hcdcorrientes.gov.ar/wp-content/uploads/2026/05/Expte-20037.pdf,EXPTE-20037-LEY-plan-integral-de-tenencia-responsable-y-sanidad-de-animales-domesticos.pdf,crear,,verificado_fuente_y_pdf_oficial
20038,2026-06-03,9ª Reunión | 9ª Sesión Ordinaria,Ley,Modifica la ley 6082 -Régimen de Sponsorización y Tutoría del Deporte-.,Modificación de la Ley 6082 -Régimen de Sponsorización y Tutoría del Deporte,"Propone modificación de la Ley 6082 -Régimen de Sponsorización y Tutoría del Deporte. La iniciativa establece un marco provincial para ordenar su aplicación, definir responsabilidades y brindar una respuesta institucional al problema abordado en el expediente. Sus mecanismos y alcances se encuentran desarrollados en el texto oficial.",Deportes,Asuntos Constitucionales Y Legislación General,Deportes,acompanado,Gonzalo,Presentado,En comisiones,False,,EXP-20038,False,False,https://hcdcorrientes.gov.ar/expedientes/20038/,https://hcdcorrientes.gov.ar/wp-content/uploads/2026/05/Expte-20038.pdf,EXPTE-20038-LEY-modifica-la-ley-6082-regimen-de-sponsorizacion-y-tutoria-del-deporte.pdf,crear,,verificado_fuente_y_pdf_oficial
20045,2026-06-03,9ª Reunión | 9ª Sesión Ordinaria,Ley,"Régimen Provincial de Gestión Integral, Conservación, Mejoramiento y Fortalecimiento de Caminos Rurales y Consorcios Camineros.",Gestión y fortalecimiento de caminos rurales,"Propone gestión y fortalecimiento de caminos rurales. La iniciativa establece un marco provincial para ordenar su aplicación, definir responsabilidades y brindar una respuesta institucional al problema abordado en el expediente. Sus mecanismos y alcances se encuentran desarrollados en el texto oficial.","Energía, Transporte, Obras Y Servicios Públicos",,Infraestructura,coautoria,Gonzalo,Presentado,En comisiones,True,P-0072,EXP-20045,True,False,https://hcdcorrientes.gov.ar/expedientes/20045/,https://hcdcorrientes.gov.ar/wp-content/uploads/2026/05/Expte-20045.pdf,EXPTE-20045-LEY-regimen-provincial-de-gestion-integral-conservacion-mejoramiento-y-for.pdf,actualizar_y_migrar,,verificado_fuente_y_pdf_oficial
20046,2026-06-03,9ª Reunión | 9ª Sesión Ordinaria,Ley,"Ley de Acompañamiento al Empleo, la Formación y el Emprendedurismo Joven.",Acompañamiento al empleo y emprendedurismo joven,"Propone acompañamiento al empleo y emprendedurismo joven. La iniciativa establece un marco provincial para ordenar su aplicación, definir responsabilidades y brindar una respuesta institucional al problema abordado en el expediente. Sus mecanismos y alcances se encuentran desarrollados en el texto oficial.","Legislación Del Trabajo, Previsión Y Seguridad Social",,Seguridad,coautoria,Gonzalo,Presentado,En comisiones,True,P-0078,EXP-20046,True,False,https://hcdcorrientes.gov.ar/expedientes/20046/,https://hcdcorrientes.gov.ar/wp-content/uploads/2026/05/Expte-20046.pdf,EXPTE-20046-LEY-ley-de-acompanamiento-al-empleo-la-formacion-y-el-emprendedurismo-jove.pdf,actualizar_y_migrar,,verificado_fuente_y_pdf_oficial
20047,2026-06-03,9ª Reunión | 9ª Sesión Ordinaria,Ley,Ley Provincial de Prevención y Abordaje de la Violencia Digital por Motivos de Género.,Prevención de la violencia digital por motivos de género,"Propone prevención de la violencia digital por motivos de género. La iniciativa establece un marco provincial para ordenar su aplicación, definir responsabilidades y brindar una respuesta institucional al problema abordado en el expediente. Sus mecanismos y alcances se encuentran desarrollados en el texto oficial.","Derechos Humanos, Género Y Diversidad",,Derechos Humanos,acompanado,Gonzalo,Presentado,En comisiones,True,P-0080,EXP-20047,True,False,https://hcdcorrientes.gov.ar/expedientes/20047/,https://hcdcorrientes.gov.ar/wp-content/uploads/2026/05/Expte-20047.pdf,EXPTE-20047-LEY-ley-provincial-de-prevencion-y-abordaje-de-la-violencia-digital-por-mo.pdf,actualizar_y_migrar,,verificado_fuente_y_pdf_oficial
20051,2026-06-03,9ª Reunión | 9ª Sesión Ordinaria,Ley,Ley de Emergencia Alimentaria Escolar.,Emergencia alimentaria escolar,"Propone emergencia alimentaria escolar. La iniciativa establece un marco provincial para ordenar su aplicación, definir responsabilidades y brindar una respuesta institucional al problema abordado en el expediente. Sus mecanismos y alcances se encuentran desarrollados en el texto oficial.","Educación, Cultura, Ciencia Y Tecnología",,Niñez y Adolescencia,coautoria,Gonzalo,Presentado,En comisiones,True,P-0075,EXP-20051,True,False,https://hcdcorrientes.gov.ar/expedientes/20051/,https://hcdcorrientes.gov.ar/wp-content/uploads/2026/05/Expte-20051.pdf,EXPTE-20051-LEY-ley-de-emergencia-alimentaria-escolar.pdf,actualizar_y_migrar,,verificado_fuente_y_pdf_oficial
20072,2026-06-17,10ª Reunión | 10ª Sesión Ordinaria,Ley,"Crea el Programa Provincial de Capacitación Docente Asincrónica, Virtual y Gratuita.","Capacitación docente virtual, asincrónica y gratuita","Propone capacitación docente virtual, asincrónica y gratuita. La iniciativa establece un marco provincial para ordenar su aplicación, definir responsabilidades y brindar una respuesta institucional al problema abordado en el expediente. Sus mecanismos y alcances se encuentran desarrollados en el texto oficial.","Educación, Cultura, Ciencia Y Tecnología",,Educación,acompanado,Gonzalo,Presentado,En comisiones,False,,EXP-20072,False,False,https://hcdcorrientes.gov.ar/expedientes/20072/,https://hcdcorrientes.gov.ar/wp-content/uploads/2026/06/Expte-20072.pdf,EXPTE-20072-LEY-crea-el-programa-provincial-de-capacitacion-docente-asincronica-virtua.pdf,crear,,verificado_fuente_y_pdf_oficial
20074,2026-06-17,10ª Reunión | 10ª Sesión Ordinaria,Ley,"Creación e Implementación de la Figura del Abogado del Niño, Niña y Adolescente en la Provincia de Corrientes.",Abogado del Niño,"Propone abogado del Niño. La iniciativa establece un marco provincial para ordenar su aplicación, definir responsabilidades y brindar una respuesta institucional al problema abordado en el expediente. Sus mecanismos y alcances se encuentran desarrollados en el texto oficial.",Asuntos Constitucionales Y Legislación General,,Niñez y Adolescencia,coautoria,Gonzalo,Presentado,En comisiones,True,P-0073,EXP-20074,True,False,https://hcdcorrientes.gov.ar/expedientes/20074/,https://hcdcorrientes.gov.ar/wp-content/uploads/2026/06/Expte-20074.pdf,EXPTE-20074-LEY-creacion-e-implementacion-de-la-figura-del-abogado-del-nino-nina-y-ado.pdf,actualizar_y_migrar,,verificado_fuente_y_pdf_oficial
20075,2026-06-17,10ª Reunión | 10ª Sesión Ordinaria,Ley,Régimen de Transparencia de Ofertas Educativas.,Transparencia de ofertas educativas,"Propone transparencia de ofertas educativas. La iniciativa establece un marco provincial para ordenar su aplicación, definir responsabilidades y brindar una respuesta institucional al problema abordado en el expediente. Sus mecanismos y alcances se encuentran desarrollados en el texto oficial.","Educación, Cultura, Ciencia Y Tecnología",,Educación,coautoria,Gonzalo,Presentado,En comisiones,True,P-0081,EXP-20075,True,False,https://hcdcorrientes.gov.ar/expedientes/20075/,https://hcdcorrientes.gov.ar/wp-content/uploads/2026/06/Expte-20075.pdf,EXPTE-20075-LEY-regimen-de-transparencia-de-ofertas-educativas.pdf,actualizar_y_migrar,,verificado_fuente_y_pdf_oficial
20114,2026-06-17,10ª Reunión | 10ª Sesión Ordinaria,Ley,"Designa con el nombre de “Marcos Aurelio Moncada” al tramo de la Ruta Provincial N° 15 comprendido entre su intersección con la RN N° 12 y su intersección con la RP N° 13, en la localidad de Berón de Astrada.",Denominación “Marcos Aurelio Moncada” al tramo de la Ruta Provincial N° 15,"Propone denominación “Marcos Aurelio Moncada” al tramo de la Ruta Provincial N° 15. La iniciativa establece un marco provincial para ordenar su aplicación, definir responsabilidades y brindar una respuesta institucional al problema abordado en el expediente. Sus mecanismos y alcances se encuentran desarrollados en el texto oficial.","Educación, Cultura, Ciencia Y Tecnología",,Educación,acompanado,Gonzalo,Presentado,En comisiones,False,,EXP-20114,False,False,https://hcdcorrientes.gov.ar/expedientes/20114/,https://hcdcorrientes.gov.ar/wp-content/uploads/2026/06/Expte-20114.pdf,EXPTE-20114-LEY-designa-con-el-nombre-de-marcos-aurelio-moncada-al-tramo-de-la-ruta-pr.pdf,crear,,verificado_fuente_y_pdf_oficial
20115,2026-06-17,10ª Reunión | 10ª Sesión Ordinaria,Ley,"Establece que la atención primaria de la salud visual de la población en la Provincia de Corrientes sea desempeñada exclusivamente por médicos especialistas en Oftalmología, debidamente matriculados y habilitados.",Atención primaria de salud visual por médicos oftalmólogos,"Propone atención primaria de salud visual por médicos oftalmólogos. La iniciativa establece un marco provincial para ordenar su aplicación, definir responsabilidades y brindar una respuesta institucional al problema abordado en el expediente. Sus mecanismos y alcances se encuentran desarrollados en el texto oficial.",Salud Pública,,Salud,acompanado,Gonzalo,Presentado,En comisiones,False,,EXP-20115,False,False,https://hcdcorrientes.gov.ar/expedientes/20115/,https://hcdcorrientes.gov.ar/wp-content/uploads/2026/06/Expte-20115.pdf,EXPTE-20115-LEY-establece-que-la-atencion-primaria-de-la-salud-visual-de-la-poblacion.pdf,crear,,verificado_fuente_y_pdf_oficial
20154,2026-07-08,11ª Reunión | 11ª Sesión Ordinaria,Ley,Regula el uso de la fuerza pública y el empleo de armas de fuego por el personal de la Policía de la Provincia de Corrientes.,Regulación del uso de la fuerza y armas de fuego policiales,"Propone regulación del uso de la fuerza y armas de fuego policiales. La iniciativa establece un marco provincial para ordenar su aplicación, definir responsabilidades y brindar una respuesta institucional al problema abordado en el expediente. Sus mecanismos y alcances se encuentran desarrollados en el texto oficial.",Seguridad Y Servicios Penitenciarios,Asuntos Constitucionales Y Legislación General,Seguridad,acompanado,Gonzalo,Presentado,En comisiones,False,,EXP-20154,False,False,https://hcdcorrientes.gov.ar/expedientes/20154/,https://hcdcorrientes.gov.ar/wp-content/uploads/2026/07/Expte-20154.pdf,EXPTE-20154-LEY-regula-el-uso-de-la-fuerza-publica-y-el-empleo-de-armas-de-fuego-por-e.pdf,crear,,verificado_fuente_y_pdf_oficial
19675,2026-03-11,1ª Reunión | 1ª Sesión Ordinaria,Resolución,Solicita al Poder Ejecutivo que garantice las condiciones de necesarias para el correcto funcionamiento del ciclo lectivo 2026 en establecimientos educativos públicos rurales de Goya,Condiciones edilicias en escuelas rurales de Goya,"Solicita al Poder Ejecutivo provincial que impulse medidas vinculadas con condiciones edilicias en escuelas rurales de Goya. La iniciativa procura atender la situación descripta en el expediente mediante la intervención de los organismos competentes y las acciones técnicas, administrativas o presupuestarias que correspondan.","Educación, Cultura, Ciencia Y Tecnología",,Educación,coautoria,Gonzalo,Presentado,En comisiones,True,P-0016,EXP-19675,True,True,https://hcdcorrientes.gov.ar/expedientes/19675/,https://hcdcorrientes.gov.ar/wp-content/uploads/2026/03/Expte-19675.pdf,EXPTE-19675-RESOLUCION-solicita-al-poder-ejecutivo-que-garantice-las-condiciones-de-necesaria.pdf,actualizar_y_migrar,,verificado_fuente_y_pdf_oficial
19676,2026-03-11,1ª Reunión | 1ª Sesión Ordinaria,Resolución,"Solicita al Poder Ejecutivo que realice las gestiones necesarias para el llamado a licitación, adjudicación y ejecución de la obra de duplicación de calzada de la ruta nacional 14, en el tramo comprendido entre la ciudad de Paso de los Libres y la ciudad de Posadas (Misiones).",Autovía de la Ruta Nacional 14 entre Paso de los Libres y Posadas,"Solicita al Poder Ejecutivo provincial que impulse medidas vinculadas con autovía de la Ruta Nacional 14 entre Paso de los Libres y Posadas. La iniciativa procura atender la situación descripta en el expediente mediante la intervención de los organismos competentes y las acciones técnicas, administrativas o presupuestarias que correspondan.","Energía, Transporte, Obras Y Servicios Públicos",,Infraestructura,acompanado,Gonzalo,Presentado,En comisiones,True,P-0024,EXP-19676,False,True,https://hcdcorrientes.gov.ar/expedientes/19676/,https://hcdcorrientes.gov.ar/wp-content/uploads/2026/03/Expte-19676-1.pdf,EXPTE-19676-RESOLUCION-solicita-al-poder-ejecutivo-que-realice-las-gestiones-necesarias-para.pdf,actualizar_y_migrar,,verificado_fuente_y_pdf_oficial
19680,2026-03-11,1ª Reunión | 1ª Sesión Ordinaria,Resolución,"Solicita al Poder Ejecutivo la ejecución de trabajos de demarcación, señalización e iluminación en la ruta provincial 27, en el tramo comprendido entre su intersección con la ruta nacional 12 en la localidad de Saladas y la ciudad de Goya.",Señalización e iluminación de la Ruta Provincial 27,"Solicita al Poder Ejecutivo provincial que impulse medidas vinculadas con señalización e iluminación de la Ruta Provincial 27. La iniciativa procura atender la situación descripta en el expediente mediante la intervención de los organismos competentes y las acciones técnicas, administrativas o presupuestarias que correspondan.","Energía, Transporte, Obras Y Servicios Públicos",,Infraestructura,coautoria,Gonzalo,Presentado,En comisiones,True,P-0018,EXP-19680,True,True,https://hcdcorrientes.gov.ar/expedientes/19680/,https://hcdcorrientes.gov.ar/wp-content/uploads/2026/03/Expte-19680-1.pdf,EXPTE-19680-RESOLUCION-solicita-al-poder-ejecutivo-la-ejecucion-de-trabajos-de-demarcacion-se.pdf,actualizar_y_migrar,,verificado_fuente_y_pdf_oficial
19727,2026-03-18,2ª Reunión | 2ª Sesión Ordinaria,Resolución,Solicita al Poder Ejecutivo informe sobre cumplimiento del decreto 57 del 18 de diciembre de 2025 referido a consejeros asesores de la Gobernación.,Informe sobre consejeros asesores de la Gobernación,"Solicita al Poder Ejecutivo provincial información oficial sobre informe sobre consejeros asesores de la Gobernación. El pedido busca conocer la situación actual, las medidas adoptadas y las acciones previstas por los organismos competentes, conforme a los puntos desarrollados en el expediente.",Asuntos Constitucionales Y Legislación General,,Transparencia institucional,acompanado,Gonzalo,Presentado,En comisiones,True,P-0031,EXP-19727,False,True,https://hcdcorrientes.gov.ar/expedientes/19727/,https://hcdcorrientes.gov.ar/wp-content/uploads/2026/03/Expte-19727-1.pdf,EXPTE-19727-RESOLUCION-solicita-al-poder-ejecutivo-informe-sobre-cumplimiento-del-decreto-57.pdf,actualizar_y_migrar,,verificado_fuente_y_pdf_oficial
19728,2026-03-18,2ª Reunión | 2ª Sesión Ordinaria,Resolución,"Solicita al Poder Ejecutivo que en el marco de las celebraciones por el centenario de Ing. V. Virasoro, evalúe la factibilidad de priorizar la planificación, gestión y ejecución de obras de infraestructura estratégica para la ciudad.",Obras estratégicas para el centenario de Gobernador Virasoro,"Solicita al Poder Ejecutivo provincial que impulse medidas vinculadas con obras estratégicas para el centenario de Gobernador Virasoro. La iniciativa procura atender la situación descripta en el expediente mediante la intervención de los organismos competentes y las acciones técnicas, administrativas o presupuestarias que correspondan.","Energía, Transporte, Obras Y Servicios Públicos",,Infraestructura,acompanado,Gonzalo,Presentado,En comisiones,True,P-0030,EXP-19728,False,True,https://hcdcorrientes.gov.ar/expedientes/19728/,https://hcdcorrientes.gov.ar/wp-content/uploads/2026/03/Expte-19728-1.pdf,EXPTE-19728-RESOLUCION-solicita-al-poder-ejecutivo-que-en-el-marco-de-las-celebraciones-por-e.pdf,actualizar_y_migrar,,verificado_fuente_y_pdf_oficial
19730,2026-03-18,2ª Reunión | 2ª Sesión Ordinaria,Resolución,Solicita al Poder Ejecutivo informe de manera detallada sobre los resultados y compromisos asumidos en la misión oficial del Sr. Gobernador en la “Argentina Week” realizada en Nueva York (Estados Unidos).,Informe sobre resultados y compromisos de Argentina Week,"Solicita al Poder Ejecutivo provincial información oficial sobre informe sobre resultados y compromisos de Argentina Week. El pedido busca conocer la situación actual, las medidas adoptadas y las acciones previstas por los organismos competentes, conforme a los puntos desarrollados en el expediente.",Asuntos Constitucionales Y Legislación General,,Transparencia institucional,acompanado,Gonzalo,Presentado,En comisiones,True,P-0029,EXP-19730,False,True,https://hcdcorrientes.gov.ar/expedientes/19730/,https://hcdcorrientes.gov.ar/wp-content/uploads/2026/03/Expte-19730.pdf,EXPTE-19730-RESOLUCION-solicita-al-poder-ejecutivo-informe-de-manera-detallada-sobre-los-resu.pdf,actualizar_y_migrar,,verificado_fuente_y_pdf_oficial
19731,2026-03-18,2ª Reunión | 2ª Sesión Ordinaria,Resolución,Solicita al Poder Ejecutivo la reglamentación de la ley 6144 -Programa Educar para la Cooperación.,Reglamentación del programa Educar para la Cooperación,"Solicita al Poder Ejecutivo provincial que impulse medidas vinculadas con reglamentación del programa Educar para la Cooperación. La iniciativa procura atender la situación descripta en el expediente mediante la intervención de los organismos competentes y las acciones técnicas, administrativas o presupuestarias que correspondan.","Educación, Cultura, Ciencia Y Tecnología",,Educación,acompanado,Gonzalo,Presentado,En comisiones,True,P-0028,EXP-19731,False,True,https://hcdcorrientes.gov.ar/expedientes/19731/,https://hcdcorrientes.gov.ar/wp-content/uploads/2026/03/Expte-19731.pdf,EXPTE-19731-RESOLUCION-solicita-al-poder-ejecutivo-la-reglamentacion-de-la-ley-6144-programa.pdf,actualizar_y_migrar,,verificado_fuente_y_pdf_oficial
19732,2026-03-18,2ª Reunión | 2ª Sesión Ordinaria,Resolución,Dispone la colocación de una placa recordatoria de adhesión de la Honorable Cámara de Diputados al 65º aniversario de la creación de la Escuela Normal “Paula Albarracín de Sarmiento” de Gobernador Virasoro.,Placa por el aniversario de la Escuela Normal de Gobernador Virasoro,"Solicita al Poder Ejecutivo provincial que impulse medidas vinculadas con placa por el aniversario de la Escuela Normal de Gobernador Virasoro. La iniciativa procura atender la situación descripta en el expediente mediante la intervención de los organismos competentes y las acciones técnicas, administrativas o presupuestarias que correspondan.","Peticiones, Reglamento Y Poderes",,Educación,acompanado,Gonzalo,Presentado,En comisiones,True,P-0027,EXP-19732,False,True,https://hcdcorrientes.gov.ar/expedientes/19732/,https://hcdcorrientes.gov.ar/wp-content/uploads/2026/03/Expte-19732.pdf,EXPTE-19732-RESOLUCION-dispone-la-colocacion-de-una-placa-recordatoria-de-adhesion-de-la-hono.pdf,actualizar_y_migrar,,verificado_fuente_y_pdf_oficial
19753,2026-04-08,3ª Reunión | 3ª Sesión Ordinaria,Resolución,"Solicita al Poder Ejecutivo, la reapertura de una instancia de diálogo y negociación colectiva con las organizaciones sindicales representativas de los docentes.",Reapertura del diálogo con organizaciones docentes,"Solicita al Poder Ejecutivo provincial que impulse medidas vinculadas con reapertura del diálogo con organizaciones docentes. La iniciativa procura atender la situación descripta en el expediente mediante la intervención de los organismos competentes y las acciones técnicas, administrativas o presupuestarias que correspondan.","Legislación Del Trabajo, Previsión Y Seguridad Social",,Educación,coautoria,Gonzalo,Presentado,En comisiones,True,P-0037,EXP-19753,False,True,https://hcdcorrientes.gov.ar/expedientes/19753/,https://hcdcorrientes.gov.ar/wp-content/uploads/2026/03/Expte-19753.pdf,EXPTE-19753-RESOLUCION-solicita-al-poder-ejecutivo-la-reapertura-de-una-instancia-de-dialogo.pdf,actualizar_y_migrar,,verificado_fuente_y_pdf_oficial
19786,2026-04-08,3ª Reunión | 3ª Sesión Ordinaria,Resolución,Solicita al Poder Ejecutivo informe sobre los Aportes del Tesoro Nacional (ATN) recibidos por la Provincia de Corrientes en lo que va del corriente año y su destino.,Informe sobre Aportes del Tesoro Nacional recibidos por Corrientes,"Solicita al Poder Ejecutivo provincial información oficial sobre informe sobre Aportes del Tesoro Nacional recibidos por Corrientes. El pedido busca conocer la situación actual, las medidas adoptadas y las acciones previstas por los organismos competentes, conforme a los puntos desarrollados en el expediente.","Hacienda, Presupuesto E Impuestos",,Transparencia institucional,coautoria,Gonzalo,Presentado,En comisiones,True,P-0041,EXP-19786,True,True,https://hcdcorrientes.gov.ar/expedientes/19786/,https://hcdcorrientes.gov.ar/wp-content/uploads/2026/04/Expte-19786.pdf,EXPTE-19786-RESOLUCION-solicita-al-poder-ejecutivo-informe-sobre-los-aportes-del-tesoro-nacio.pdf,actualizar_y_migrar,,verificado_fuente_y_pdf_oficial
19787,2026-04-08,3ª Reunión | 3ª Sesión Ordinaria,Resolución,"Solicita al Poder Ejecutivo que, por intermedio de los organismos competentes y de los representantes estatales ante el Banco de Corrientes S.A., remita informe detallado sobre la situación económico-financiera de la entidad.",Informe sobre la situación financiera del Banco de Corrientes,"Solicita al Poder Ejecutivo provincial información oficial sobre informe sobre la situación financiera del Banco de Corrientes. El pedido busca conocer la situación actual, las medidas adoptadas y las acciones previstas por los organismos competentes, conforme a los puntos desarrollados en el expediente.","Hacienda, Presupuesto E Impuestos",,Transparencia institucional,coautoria,Gonzalo,Presentado,En comisiones,True,P-0036,EXP-19787,True,True,https://hcdcorrientes.gov.ar/expedientes/19787/,https://hcdcorrientes.gov.ar/wp-content/uploads/2026/04/Expte-19787.pdf,EXPTE-19787-RESOLUCION-solicita-al-poder-ejecutivo-que-por-intermedio-de-los-organismos-compe.pdf,actualizar_y_migrar,,verificado_fuente_y_pdf_oficial
19790,2026-04-08,3ª Reunión | 3ª Sesión Ordinaria,Resolución,"Solicita al Poder Ejecutivo Nacional que, por intermedio del Ministerio de Salud de la Nación y de la Secretaría Nacional de Discapacidad, regularice los pagos a prestadores de servicios para personas con discapacidad en el marco del Programa Federal Incluir Salud y del INSSJP – PAMI.",Regularización de pagos a prestadores de discapacidad,"Solicita al Poder Ejecutivo provincial que impulse medidas vinculadas con regularización de pagos a prestadores de discapacidad. La iniciativa procura atender la situación descripta en el expediente mediante la intervención de los organismos competentes y las acciones técnicas, administrativas o presupuestarias que correspondan.",Protección De Personas Con Discapacidad,,Discapacidad,coautoria,Gonzalo,Presentado,Aprobado,True,P-0044,EXP-19790,True,False,https://hcdcorrientes.gov.ar/expedientes/19790/,https://hcdcorrientes.gov.ar/wp-content/uploads/2026/04/Expte-19790-1.pdf,EXPTE-19790-RESOLUCION-solicita-al-poder-ejecutivo-nacional-que-por-intermedio-del-ministerio.pdf,actualizar_y_migrar,La ficha oficial presenta una anomalía en el campo de autores; el expediente descargado fue verificado.,verificado_fuente_y_pdf_oficial
19791,2026-04-08,3ª Reunión | 3ª Sesión Ordinaria,Resolución,Solicita al Poder Ejecutivo gestione ante el Poder Ejecutivo Nacional y el Ministerio de Capital Humano de la Nación la continuidad o prórroga del Programa Volver al Trabajo.,Continuidad del programa Volver al Trabajo,"Solicita al Poder Ejecutivo provincial que impulse medidas vinculadas con continuidad del programa Volver al Trabajo. La iniciativa procura atender la situación descripta en el expediente mediante la intervención de los organismos competentes y las acciones técnicas, administrativas o presupuestarias que correspondan.","Legislación Del Trabajo, Previsión Y Seguridad Social",,Seguridad,coautoria,Gonzalo,Presentado,En comisiones,True,P-0045,EXP-19791,True,True,https://hcdcorrientes.gov.ar/expedientes/19791/,https://hcdcorrientes.gov.ar/wp-content/uploads/2026/04/Expte-19791.pdf,EXPTE-19791-RESOLUCION-solicita-al-poder-ejecutivo-gestione-ante-el-poder-ejecutivo-nacional.pdf,actualizar_y_migrar,La ficha oficial presenta una anomalía en el campo de autores; el expediente descargado fue verificado.,verificado_fuente_y_pdf_oficial
19792,2026-04-08,3ª Reunión | 3ª Sesión Ordinaria,Resolución,"Solicita informe al Poder Ejecutivo sobre la situación de los prestadores de servicios para personas con discapacidad, pagos adeudados y gestiones realizadas en el marco del Programa Federal Incluir Salud.",Informe sobre pagos a prestadores de discapacidad,"Solicita al Poder Ejecutivo provincial información oficial sobre informe sobre pagos a prestadores de discapacidad. El pedido busca conocer la situación actual, las medidas adoptadas y las acciones previstas por los organismos competentes, conforme a los puntos desarrollados en el expediente.",Protección De Personas Con Discapacidad,Salud Pública,Discapacidad,coautoria,Gonzalo,Presentado,En comisiones,True,P-0046,EXP-19792,True,True,https://hcdcorrientes.gov.ar/expedientes/19792/,https://hcdcorrientes.gov.ar/wp-content/uploads/2026/04/Expte-19792.pdf,EXPTE-19792-RESOLUCION-solicita-informe-al-poder-ejecutivo-sobre-la-situacion-de-los-prestado.pdf,actualizar_y_migrar,La ficha oficial presenta una anomalía en el campo de autores; el expediente descargado fue verificado.,verificado_fuente_y_pdf_oficial
19793,2026-04-08,3ª Reunión | 3ª Sesión Ordinaria,Resolución,"Insta al Poder Ejecutivo, a través del Ministerio de Educación y de los organismos competentes en materia de clasificación docente, evalúe e incorpore la categoría de “Antecedentes Meritorios Institucionales” en el régimen de valoración de títulos y antecedentes docentes.",Antecedentes meritorios en la valoración docente,"Solicita al Poder Ejecutivo provincial que impulse medidas vinculadas con antecedentes meritorios en la valoración docente. La iniciativa procura atender la situación descripta en el expediente mediante la intervención de los organismos competentes y las acciones técnicas, administrativas o presupuestarias que correspondan.","Educación, Cultura, Ciencia Y Tecnología",,Educación,coautoria,Gonzalo,Presentado,En comisiones,True,P-0051,EXP-19793,True,False,https://hcdcorrientes.gov.ar/expedientes/19793/,https://hcdcorrientes.gov.ar/wp-content/uploads/2026/04/Expte-19793-1.pdf,EXPTE-19793-RESOLUCION-insta-al-poder-ejecutivo-a-traves-del-ministerio-de-educacion-y-de-los.pdf,actualizar_y_migrar,,verificado_fuente_y_pdf_oficial
19796,2026-04-08,3ª Reunión | 3ª Sesión Ordinaria,Resolución,"Invita a una sesión especial o acto de reconocimiento, con el objetivo de honrar el centenario de Gobernador Ing. Valentín Virasoro.",Sesión especial por el centenario de Gobernador Virasoro,"Solicita al Poder Ejecutivo provincial que impulse medidas vinculadas con sesión especial por el centenario de Gobernador Virasoro. La iniciativa procura atender la situación descripta en el expediente mediante la intervención de los organismos competentes y las acciones técnicas, administrativas o presupuestarias que correspondan.","Educación, Cultura, Ciencia Y Tecnología",,Educación,acompanado,Gonzalo,Presentado,En comisiones,False,,EXP-19796,False,False,https://hcdcorrientes.gov.ar/expedientes/19796/,https://hcdcorrientes.gov.ar/wp-content/uploads/2026/04/Expte-19796.pdf,EXPTE-19796-RESOLUCION-invita-a-una-sesion-especial-o-acto-de-reconocimiento-con-el-objetivo.pdf,crear,,verificado_fuente_y_pdf_oficial
19804,2026-04-08,3ª Reunión | 3ª Sesión Ordinaria,Resolución,"Solicita al Poder Ejecutivo, a través del Ministerio de Obras Públicas, la pavimentación de las RP Nº 40 y 41.",Pavimentación de las Rutas Provinciales 40 y 41,"Solicita al Poder Ejecutivo provincial que impulse medidas vinculadas con pavimentación de las Rutas Provinciales 40 y 41. La iniciativa procura atender la situación descripta en el expediente mediante la intervención de los organismos competentes y las acciones técnicas, administrativas o presupuestarias que correspondan.","Energía, Transporte, Obras Y Servicios Públicos",,Infraestructura,acompanado,Gonzalo,Presentado,En comisiones,False,,EXP-19804,False,False,https://hcdcorrientes.gov.ar/expedientes/19804/,https://hcdcorrientes.gov.ar/wp-content/uploads/2026/04/Expte-19804.pdf,EXPTE-19804-RESOLUCION-solicita-al-poder-ejecutivo-a-traves-del-ministerio-de-obras-publicas.pdf,crear,,verificado_fuente_y_pdf_oficial
19831,2026-04-15,4ª Reunión | 4ª Sesión Ordinaria,Resolución,"Solicita al Poder Ejecutivo, que por intermedio del Instituto de Vivienda de Corrientes (INVICO), adopte medidas respecto del predio correspondiente al desarrollo de 180 lotes con servicios, del ex Programa Procrear en la ciudad de Goya.",Continuidad de lotes con servicios en Goya,"Solicita al Poder Ejecutivo provincial que impulse medidas vinculadas con continuidad de lotes con servicios en Goya. La iniciativa procura atender la situación descripta en el expediente mediante la intervención de los organismos competentes y las acciones técnicas, administrativas o presupuestarias que correspondan.","Energía, Transporte, Obras Y Servicios Públicos",,Educación,coautoria,Gonzalo,Presentado,En comisiones,True,P-0055,EXP-19831,True,False,https://hcdcorrientes.gov.ar/expedientes/19831/,https://hcdcorrientes.gov.ar/wp-content/uploads/2026/04/Expte-19831-1.pdf,EXPTE-19831-RESOLUCION-solicita-al-poder-ejecutivo-que-por-intermedio-del-instituto-de-vivien.pdf,actualizar_y_migrar,,verificado_fuente_y_pdf_oficial
19836,2026-04-15,4ª Reunión | 4ª Sesión Ordinaria,Resolución,"Solicita al Poder Ejecutivo, retome las gestiones ante el Gobierno Nacional para la ejecución de las obras de infraestructura necesarias que permitan que la provincia de Corrientes cuente con acceso a la red de gas natural.",Acceso de Corrientes a la red de gas natural,"Solicita al Poder Ejecutivo provincial que impulse medidas vinculadas con acceso de Corrientes a la red de gas natural. La iniciativa procura atender la situación descripta en el expediente mediante la intervención de los organismos competentes y las acciones técnicas, administrativas o presupuestarias que correspondan.","Energía, Transporte, Obras Y Servicios Públicos",,Infraestructura,acompanado,Gonzalo,Presentado,En comisiones,False,,EXP-19836,False,False,https://hcdcorrientes.gov.ar/expedientes/19836/,https://hcdcorrientes.gov.ar/wp-content/uploads/2026/04/Expte-19836-1.pdf,EXPTE-19836-RESOLUCION-solicita-al-poder-ejecutivo-retome-las-gestiones-ante-el-gobierno-naci.pdf,crear,,verificado_fuente_y_pdf_oficial
19838,2026-04-15,4ª Reunión | 4ª Sesión Ordinaria,Resolución,"Solicita al Poder Ejecutivo, informe sobre pauta publicitaria en los períodos 2025-2026.",Informe sobre pauta publicitaria en los períodos 2025-2026,"Solicita al Poder Ejecutivo provincial información oficial sobre informe sobre pauta publicitaria en los períodos 2025-2026. El pedido busca conocer la situación actual, las medidas adoptadas y las acciones previstas por los organismos competentes, conforme a los puntos desarrollados en el expediente.","Hacienda, Presupuesto E Impuestos",,Transparencia institucional,acompanado,Gonzalo,Presentado,En comisiones,False,,EXP-19838,False,False,https://hcdcorrientes.gov.ar/expedientes/19838/,https://hcdcorrientes.gov.ar/wp-content/uploads/2026/04/Expte-19838-1.pdf,EXPTE-19838-RESOLUCION-solicita-al-poder-ejecutivo-informe-sobre-pauta-publicitaria-en-los-pe.pdf,crear,,verificado_fuente_y_pdf_oficial
19839,2026-04-15,4ª Reunión | 4ª Sesión Ordinaria,Resolución,"Solicita al Poder Ejecutivo, a través del Ministerio de Obras y Servicios Públicos y la Dirección Provincial de Vialidad, la repavimentación de la RP Nº 24, en el tramo comprendido entre sus empalmes con la RN Nº 12 y la RN Nº 119.",Repavimentación de la Ruta Provincial 24,"Solicita al Poder Ejecutivo provincial que impulse medidas vinculadas con repavimentación de la Ruta Provincial 24. La iniciativa procura atender la situación descripta en el expediente mediante la intervención de los organismos competentes y las acciones técnicas, administrativas o presupuestarias que correspondan.","Energía, Transporte, Obras Y Servicios Públicos",,Infraestructura,acompanado,Gonzalo,Presentado,En comisiones,False,,EXP-19839,False,False,https://hcdcorrientes.gov.ar/expedientes/19839/,https://hcdcorrientes.gov.ar/wp-content/uploads/2026/04/Expte-19839-1.pdf,EXPTE-19839-RESOLUCION-solicita-al-poder-ejecutivo-a-traves-del-ministerio-de-obras-y-servici.pdf,crear,,verificado_fuente_y_pdf_oficial
19840,2026-04-15,4ª Reunión | 4ª Sesión Ordinaria,Resolución,"Solicita al Poder Ejecutivo, informe sobre la asignación, distribución, ejecución y rendición de los fondos dispuestos por el decreto 369/26, destinado al mantenimiento de edificios escolares en municipios del interior de la Provincia.",Informe sobre fondos del Decreto 369/26 para escuelas,"Solicita al Poder Ejecutivo provincial información oficial sobre informe sobre fondos del Decreto 369/26 para escuelas. El pedido busca conocer la situación actual, las medidas adoptadas y las acciones previstas por los organismos competentes, conforme a los puntos desarrollados en el expediente.","Educación, Cultura, Ciencia Y Tecnología","Energía, Transporte, Obras Y Servicios Públicos",Educación,coautoria,Gonzalo,Presentado,En comisiones,True,P-0056,EXP-19840,True,False,https://hcdcorrientes.gov.ar/expedientes/19840/,https://hcdcorrientes.gov.ar/wp-content/uploads/2026/04/Expte-19840-1.pdf,EXPTE-19840-RESOLUCION-solicita-al-poder-ejecutivo-informe-sobre-la-asignacion-distribucion-e.pdf,actualizar_y_migrar,,verificado_fuente_y_pdf_oficial
19859,2026-04-29,5ª Reunión | 5ª Sesión Ordinaria,Resolución,Solicita al Poder Ejecutivo disponga la apertura de una mesa de diálogo institucional con beneficiarios del Programa Nacional “Volver al Trabajo” de Corrientes.,Mesa de diálogo para beneficiarios de Volver al Trabajo,"Solicita al Poder Ejecutivo provincial que impulse medidas vinculadas con mesa de diálogo para beneficiarios de Volver al Trabajo. La iniciativa procura atender la situación descripta en el expediente mediante la intervención de los organismos competentes y las acciones técnicas, administrativas o presupuestarias que correspondan.","Legislación Del Trabajo, Previsión Y Seguridad Social",Políticas Sociales,Seguridad,coautoria,Gonzalo,Presentado,En comisiones,False,,EXP-19859,False,False,https://hcdcorrientes.gov.ar/expedientes/19859/,https://hcdcorrientes.gov.ar/wp-content/uploads/2026/04/Expte-19859.pdf,EXPTE-19859-RESOLUCION-solicita-al-poder-ejecutivo-disponga-la-apertura-de-una-mesa-de-dialog.pdf,crear,La ficha oficial presenta una anomalía en el campo de autores; el expediente descargado fue verificado.,verificado_fuente_y_pdf_oficial
19874,2026-04-29,5ª Reunión | 5ª Sesión Ordinaria,Resolución,Insta a las Presidencias de ambas Cámaras Legislativas a dar cumplimiento al procedimiento de la elección del titular de la Defensoría del Pueblo y la conformación de la Comisión Bicameral Permanente.,Elección del titular de la Defensoría del Pueblo,"Solicita al Poder Ejecutivo provincial que impulse medidas vinculadas con elección del titular de la Defensoría del Pueblo. La iniciativa procura atender la situación descripta en el expediente mediante la intervención de los organismos competentes y las acciones técnicas, administrativas o presupuestarias que correspondan.","Peticiones, Reglamento Y Poderes",,Transparencia institucional,acompanado,Gonzalo,Presentado,En comisiones,False,,EXP-19874,False,False,https://hcdcorrientes.gov.ar/expedientes/19874/,https://hcdcorrientes.gov.ar/wp-content/uploads/2026/04/Expte-19874-1.pdf,EXPTE-19874-RESOLUCION-insta-a-las-presidencias-de-ambas-camaras-legislativas-a-dar-cumplimie.pdf,crear,,verificado_fuente_y_pdf_oficial
19875,2026-04-29,5ª Reunión | 5ª Sesión Ordinaria,Resolución,"Solicita al Poder Ejecutivo, a través del Ministerio de Obras y Servicios Públicos y la Dirección Provincial de Vialidad, la pavimentación de la RP Nº 68 en el tramo comprendido entre su intersección con la RN Nº 14 (Gobernador Virasoro) y Garruchos.",Pavimentación de la Ruta Provincial 68,"Solicita al Poder Ejecutivo provincial que impulse medidas vinculadas con pavimentación de la Ruta Provincial 68. La iniciativa procura atender la situación descripta en el expediente mediante la intervención de los organismos competentes y las acciones técnicas, administrativas o presupuestarias que correspondan.","Energía, Transporte, Obras Y Servicios Públicos","Hacienda, Presupuesto E Impuestos",Infraestructura,acompanado,Gonzalo,Presentado,En comisiones,False,,EXP-19875,False,False,https://hcdcorrientes.gov.ar/expedientes/19875/,https://hcdcorrientes.gov.ar/wp-content/uploads/2026/04/Expte-19875-1.pdf,EXPTE-19875-RESOLUCION-solicita-al-poder-ejecutivo-a-traves-del-ministerio-de-obras-y-servici.pdf,crear,,verificado_fuente_y_pdf_oficial
19876,2026-04-29,5ª Reunión | 5ª Sesión Ordinaria,Resolución,"Solicita al Poder Ejecutivo, arbitre las gestiones necesarias ante el Gobierno Nacional, la Secretaría de Energía de la Nación y el Consejo Federal de Energía Eléctrica, para la reactivación, financiamiento y concreción de la obra de interconexión eléctrica de 132 Kv “Cierre del Anillo Noreste”, tramo Gobernador Virasoro (Corrientes) – Apóstoles (Misiones).",Interconexión eléctrica entre Virasoro y Apóstoles,"Solicita al Poder Ejecutivo provincial que impulse medidas vinculadas con interconexión eléctrica entre Virasoro y Apóstoles. La iniciativa procura atender la situación descripta en el expediente mediante la intervención de los organismos competentes y las acciones técnicas, administrativas o presupuestarias que correspondan.","Energía, Transporte, Obras Y Servicios Públicos",,Infraestructura,acompanado,Gonzalo,Presentado,En comisiones,False,,EXP-19876,False,False,https://hcdcorrientes.gov.ar/expedientes/19876/,https://hcdcorrientes.gov.ar/wp-content/uploads/2026/04/Expte-19876-1.pdf,EXPTE-19876-RESOLUCION-solicita-al-poder-ejecutivo-arbitre-las-gestiones-necesarias-ante-el-g.pdf,crear,,verificado_fuente_y_pdf_oficial
19878,2026-04-29,5ª Reunión | 5ª Sesión Ordinaria,Resolución,"Solicita al Poder Ejecutivo, a través del Ministerio de Educación, la realización de acciones educativas conmemorativas por los 40 años de la sanción de la ley 4061.",Acciones educativas por los 40 años de la Ley 4061,"Solicita al Poder Ejecutivo provincial que impulse medidas vinculadas con acciones educativas por los 40 años de la Ley 4061. La iniciativa procura atender la situación descripta en el expediente mediante la intervención de los organismos competentes y las acciones técnicas, administrativas o presupuestarias que correspondan.","Educación, Cultura, Ciencia Y Tecnología",,Educación,acompanado,Gonzalo,Presentado,En comisiones,False,,EXP-19878,False,False,https://hcdcorrientes.gov.ar/expedientes/19878/,https://hcdcorrientes.gov.ar/wp-content/uploads/2026/04/Expte-19878-1.pdf,EXPTE-19878-RESOLUCION-solicita-al-poder-ejecutivo-a-traves-del-ministerio-de-educacion-la-re.pdf,crear,,verificado_fuente_y_pdf_oficial
19879,2026-04-29,5ª Reunión | 5ª Sesión Ordinaria,Resolución,"Solicita al Ministerio de Educación, establezca el no cómputo de inasistencia a los docentes y autoridades educativas escolares, del nivel primario y secundario, que participen del XXVII ENCACE en la provincia de San Luis.",Inasistencias docentes por participación en el ENCACE,"Solicita al Poder Ejecutivo provincial que impulse medidas vinculadas con inasistencias docentes por participación en el ENCACE. La iniciativa procura atender la situación descripta en el expediente mediante la intervención de los organismos competentes y las acciones técnicas, administrativas o presupuestarias que correspondan.","Educación, Cultura, Ciencia Y Tecnología","Legislación Del Trabajo, Previsión Y Seguridad Social",Educación,acompanado,Gonzalo,Presentado,En comisiones,False,,EXP-19879,False,False,https://hcdcorrientes.gov.ar/expedientes/19879/,https://hcdcorrientes.gov.ar/wp-content/uploads/2026/04/Expte-19879-1.pdf,EXPTE-19879-RESOLUCION-solicita-al-ministerio-de-educacion-establezca-el-no-computo-de-inasis.pdf,crear,,verificado_fuente_y_pdf_oficial
19881,2026-04-29,5ª Reunión | 5ª Sesión Ordinaria,Resolución,"Solicita al Poder Ejecutivo Nacional que, por intermedio del Ministerio de Seguridad de la Nación, disponga la regularización, normalización y efectiva transferencia de los recursos previstos por la ley nacional 25054 -Ley del Bombero Voluntario-.",Transferencias nacionales para bomberos voluntarios,"Solicita al Poder Ejecutivo provincial que impulse medidas vinculadas con transferencias nacionales para bomberos voluntarios. La iniciativa procura atender la situación descripta en el expediente mediante la intervención de los organismos competentes y las acciones técnicas, administrativas o presupuestarias que correspondan.","Hacienda, Presupuesto E Impuestos",,Seguridad,coautoria,Gonzalo,Presentado,En comisiones,True,P-0062,EXP-19881,True,False,https://hcdcorrientes.gov.ar/expedientes/19881/,https://hcdcorrientes.gov.ar/wp-content/uploads/2026/04/Expte-19881.pdf,EXPTE-19881-RESOLUCION-solicita-al-poder-ejecutivo-nacional-que-por-intermedio-del-ministerio.pdf,actualizar_y_migrar,,verificado_fuente_y_pdf_oficial
19883,2026-04-29,5ª Reunión | 5ª Sesión Ordinaria,Resolución,"Solicita al Poder Ejecutivo que, por intermedio del Ministerio de Educación, informe sobre protocolos vigentes de prevención y actuación ante amenazas, sospecha o detección de armas y manifestaciones de violencia digital, en establecimientos educativos.",Protocolos escolares ante amenazas y hechos de violencia,"Solicita al Poder Ejecutivo provincial información oficial sobre protocolos escolares ante amenazas y hechos de violencia. El pedido busca conocer la situación actual, las medidas adoptadas y las acciones previstas por los organismos competentes, conforme a los puntos desarrollados en el expediente.","Educación, Cultura, Ciencia Y Tecnología",Seguridad Y Servicios Penitenciarios,Educación,coautoria,Gonzalo,Presentado,En comisiones,True,P-0065,EXP-19883,True,False,https://hcdcorrientes.gov.ar/expedientes/19883/,https://hcdcorrientes.gov.ar/wp-content/uploads/2026/04/Expte-19883.pdf,EXPTE-19883-RESOLUCION-solicita-al-poder-ejecutivo-que-por-intermedio-del-ministerio-de-educa.pdf,actualizar_y_migrar,,verificado_fuente_y_pdf_oficial
19884,2026-04-29,5ª Reunión | 5ª Sesión Ordinaria,Resolución,"Solicita al Poder Ejecutivo, por intermedio de la Dirección Provincial de Vialidad, la urgente inspección técnica, la adopción de medidas preventivas de seguridad vial y la ejecución de un plan de intervención integral sobre el puente “Paso López” emplazado en el río Corrientes sobre RP Nº 24.",Seguridad vial en el puente Paso López,"Solicita al Poder Ejecutivo provincial que impulse medidas vinculadas con seguridad vial en el puente Paso López. La iniciativa procura atender la situación descripta en el expediente mediante la intervención de los organismos competentes y las acciones técnicas, administrativas o presupuestarias que correspondan.","Energía, Transporte, Obras Y Servicios Públicos",,Infraestructura,coautoria,Gonzalo,Presentado,En comisiones,True,P-0063,EXP-19884,True,False,https://hcdcorrientes.gov.ar/expedientes/19884/,https://hcdcorrientes.gov.ar/wp-content/uploads/2026/04/Expte-19884.pdf,EXPTE-19884-RESOLUCION-solicita-al-poder-ejecutivo-por-intermedio-de-la-direccion-provincial.pdf,actualizar_y_migrar,,verificado_fuente_y_pdf_oficial
19902,2026-04-29,5ª Reunión | 5ª Sesión Ordinaria,Resolución,"Solicita al Poder Ejecutivo, a través del Ministerio de Seguridad y en coordinación con la Jefatura de Policía, la creación e instalación de una delegación de la Policía Rural e Islas y Ambiente Rural (PRIAR) en la localidad de Itatí.",Delegación de la Policía Rural en Itatí,"Solicita al Poder Ejecutivo provincial que impulse medidas vinculadas con delegación de la Policía Rural en Itatí. La iniciativa procura atender la situación descripta en el expediente mediante la intervención de los organismos competentes y las acciones técnicas, administrativas o presupuestarias que correspondan.",Seguridad Y Servicios Penitenciarios,"Hacienda, Presupuesto E Impuestos",Seguridad,acompanado,Gonzalo,Presentado,En comisiones,False,,EXP-19902,False,False,https://hcdcorrientes.gov.ar/expedientes/19902/,https://hcdcorrientes.gov.ar/wp-content/uploads/2026/04/Expte-19902.pdf,EXPTE-19902-RESOLUCION-solicita-al-poder-ejecutivo-a-traves-del-ministerio-de-seguridad-y-en.pdf,crear,La ficha oficial presenta una anomalía en el campo de autores; el expediente descargado fue verificado.,verificado_fuente_y_pdf_oficial
19934,2026-05-06,6ª Reunión | 6ª Sesión Ordinaria,Resolución,"Solicita al Poder Ejecutivo, a través de la Secretaría de Deportes y el Consejo Provincial del Deporte (COPRODE), un informe sobre la implementación de la ley 6082 y su decreto reglamentario 1242/13.",Informe sobre la Ley de Sponsorización Deportiva,"Solicita al Poder Ejecutivo provincial información oficial sobre informe sobre la Ley de Sponsorización Deportiva. El pedido busca conocer la situación actual, las medidas adoptadas y las acciones previstas por los organismos competentes, conforme a los puntos desarrollados en el expediente.",Deportes,"Hacienda, Presupuesto E Impuestos",Deportes,acompanado,Gonzalo,Presentado,En comisiones,False,,EXP-19934,False,False,https://hcdcorrientes.gov.ar/expedientes/19934/,https://hcdcorrientes.gov.ar/wp-content/uploads/2026/05/Expte-19934.pdf,EXPTE-19934-RESOLUCION-solicita-al-poder-ejecutivo-a-traves-de-la-secretaria-de-deportes-y-el.pdf,crear,,verificado_fuente_y_pdf_oficial
19937,2026-05-06,6ª Reunión | 6ª Sesión Ordinaria,Resolución,"Solicita al Poder Ejecutivo la elaboración de un proyecto para la obra del acueducto del río Uruguay, a fin de abastecer de agua potable al Municipio de Gobernador Virasoro y su zona de influencia.",Proyecto para el acueducto del río Uruguay,"Solicita al Poder Ejecutivo provincial que impulse medidas vinculadas con proyecto para el acueducto del río Uruguay. La iniciativa procura atender la situación descripta en el expediente mediante la intervención de los organismos competentes y las acciones técnicas, administrativas o presupuestarias que correspondan.","Energía, Transporte, Obras Y Servicios Públicos",,Infraestructura,acompanado,Gonzalo,Presentado,En comisiones,False,,EXP-19937,False,False,https://hcdcorrientes.gov.ar/expedientes/19937/,https://hcdcorrientes.gov.ar/wp-content/uploads/2026/05/Expte-19937.pdf,EXPTE-19937-RESOLUCION-solicita-al-poder-ejecutivo-la-elaboracion-de-un-proyecto-para-la-obra.pdf,crear,,verificado_fuente_y_pdf_oficial
19938,2026-05-06,6ª Reunión | 6ª Sesión Ordinaria,Resolución,"Solicita al Poder Ejecutivo que, a través de la Dirección Provincial de Vialidad (DPV), se realicen las obras de mantenimiento integral, abovedado y enripiado del camino de acceso a la Escuela de la Familia Agrícola (EFA) “ITU IS-28”, del paraje Rincón Santa María, departamento de Ituzaingó.",Mejoras en el acceso a la Escuela de la Familia Agrícola de Ituzaingó,"Solicita al Poder Ejecutivo provincial que impulse medidas vinculadas con mejoras en el acceso a la Escuela de la Familia Agrícola de Ituzaingó. La iniciativa procura atender la situación descripta en el expediente mediante la intervención de los organismos competentes y las acciones técnicas, administrativas o presupuestarias que correspondan.","Energía, Transporte, Obras Y Servicios Públicos",,Educación,acompanado,Gonzalo,Presentado,En comisiones,False,,EXP-19938,False,False,https://hcdcorrientes.gov.ar/expedientes/19938/,https://hcdcorrientes.gov.ar/wp-content/uploads/2026/05/Expte-19938.pdf,EXPTE-19938-RESOLUCION-solicita-al-poder-ejecutivo-que-a-traves-de-la-direccion-provincial-de.pdf,crear,,verificado_fuente_y_pdf_oficial
19941,2026-05-06,6ª Reunión | 6ª Sesión Ordinaria,Resolución,Establece el Programa de Sesiones Itinerantes de la Honorable Cámara de Diputados.,Establece el Programa de Sesiones Itinerantes de la Honorable Cámara de Diputados,"Solicita al Poder Ejecutivo provincial que impulse medidas vinculadas con establece el Programa de Sesiones Itinerantes de la Honorable Cámara de Diputados. La iniciativa procura atender la situación descripta en el expediente mediante la intervención de los organismos competentes y las acciones técnicas, administrativas o presupuestarias que correspondan.","Hacienda, Presupuesto E Impuestos","Peticiones, Reglamento Y Poderes",Transparencia institucional,acompanado,Gonzalo,Presentado,En comisiones,False,,EXP-19941,False,False,https://hcdcorrientes.gov.ar/expedientes/19941/,https://hcdcorrientes.gov.ar/wp-content/uploads/2026/05/Expte-19941.pdf,EXPTE-19941-RESOLUCION-establece-el-programa-de-sesiones-itinerantes-de-la-honorable-camara-d.pdf,crear,,verificado_fuente_y_pdf_oficial
19966,2026-05-13,7ª Reunión | 7ª Sesión Ordinaria,Resolución,"Solicita al Poder Ejecutivo que, a través de la Dirección Provincial de Energía de Corrientes (DPEC) y el Ministerio de Producción, instrumente un régimen excepcional de alivio en el pago del servicio eléctrico para pequeños productores hortícolas y tabacaleros de los departamentos de Goya, Lavalle y zonas de influencia.",Alivio eléctrico para productores hortícolas y tabacaleros,"Solicita al Poder Ejecutivo provincial que impulse medidas vinculadas con alivio eléctrico para productores hortícolas y tabacaleros. La iniciativa procura atender la situación descripta en el expediente mediante la intervención de los organismos competentes y las acciones técnicas, administrativas o presupuestarias que correspondan.","Energía, Transporte, Obras Y Servicios Públicos","Hacienda, Presupuesto E Impuestos; Producción, Industria, Comercio Y Turismo",Infraestructura,coautoria,Gonzalo,Presentado,En comisiones,True,P-0070,EXP-19966,True,False,https://hcdcorrientes.gov.ar/expedientes/19966/,https://hcdcorrientes.gov.ar/wp-content/uploads/2026/05/Expte-19966.pdf,EXPTE-19966-RESOLUCION-solicita-al-poder-ejecutivo-que-a-traves-de-la-direccion-provincial-de.pdf,actualizar_y_migrar,,verificado_fuente_y_pdf_oficial
19967,2026-05-13,7ª Reunión | 7ª Sesión Ordinaria,Resolución,"Solicita la adopción urgente de medidas de accesibilidad universal en el ingreso al Palacio Legislativo de la provincia, para personas con discapacidad o movilidad reducida.",Accesibilidad universal en el Palacio Legislativo,"Solicita al Poder Ejecutivo provincial que impulse medidas vinculadas con accesibilidad universal en el Palacio Legislativo. La iniciativa procura atender la situación descripta en el expediente mediante la intervención de los organismos competentes y las acciones técnicas, administrativas o presupuestarias que correspondan.",Protección De Personas Con Discapacidad,,Discapacidad,coautoria,Gonzalo,Presentado,En comisiones,True,P-0071,EXP-19967,True,False,https://hcdcorrientes.gov.ar/expedientes/19967/,https://hcdcorrientes.gov.ar/wp-content/uploads/2026/05/Expte-19967.pdf,EXPTE-19967-RESOLUCION-solicita-la-adopcion-urgente-de-medidas-de-accesibilidad-universal-en.pdf,actualizar_y_migrar,,verificado_fuente_y_pdf_oficial
19968,2026-05-13,7ª Reunión | 7ª Sesión Ordinaria,Resolución,"Solicita al Poder Ejecutivo, a través de la Dirección Provincial de Vialidad, el mantenimiento y reparación de la RP N° 37 en su trayecto entre Gobernador Virasoro a Colonia Unión y paraje San Horacio.",Mantenimiento de la Ruta Provincial 37,"Solicita al Poder Ejecutivo provincial que impulse medidas vinculadas con mantenimiento de la Ruta Provincial 37. La iniciativa procura atender la situación descripta en el expediente mediante la intervención de los organismos competentes y las acciones técnicas, administrativas o presupuestarias que correspondan.","Energía, Transporte, Obras Y Servicios Públicos",,Infraestructura,acompanado,Gonzalo,Presentado,En comisiones,False,,EXP-19968,False,False,https://hcdcorrientes.gov.ar/expedientes/19968/,https://hcdcorrientes.gov.ar/wp-content/uploads/2026/05/Expte-19968-1.pdf,EXPTE-19968-RESOLUCION-solicita-al-poder-ejecutivo-a-traves-de-la-direccion-provincial-de-via.pdf,crear,,verificado_fuente_y_pdf_oficial
19969,2026-05-13,7ª Reunión | 7ª Sesión Ordinaria,Resolución,"Solicita al Poder Ejecutivo, a través del Ministerio de Educación, informe el cumplimiento de las leyes 4115 y 4382 -Pago de Zona Geográfica-.",Informe sobre el pago de zona geográfica docente,"Solicita al Poder Ejecutivo provincial información oficial sobre informe sobre el pago de zona geográfica docente. El pedido busca conocer la situación actual, las medidas adoptadas y las acciones previstas por los organismos competentes, conforme a los puntos desarrollados en el expediente.","Educación, Cultura, Ciencia Y Tecnología","Hacienda, Presupuesto E Impuestos",Educación,acompanado,Gonzalo,Presentado,En comisiones,False,,EXP-19969,False,False,https://hcdcorrientes.gov.ar/expedientes/19969/,https://hcdcorrientes.gov.ar/wp-content/uploads/2026/05/Expte-19969.pdf,EXPTE-19969-RESOLUCION-solicita-al-poder-ejecutivo-a-traves-del-ministerio-de-educacion-infor.pdf,crear,,verificado_fuente_y_pdf_oficial
19971,2026-05-13,7ª Reunión | 7ª Sesión Ordinaria,Resolución,"Solicita al Poder Ejecutivo que, junto a la provincia de Misiones, gestione ante el Gobierno Nacional y los organismos correspondientes, la planificación y desarrollo de estudios técnicos y proyecto ejecutivo de la obra “Autovía RN N° 12” desde Posadas (Misiones) a Corrientes capital.",Autovía de la Ruta Nacional 12 entre Posadas y Corrientes,"Solicita al Poder Ejecutivo provincial que impulse medidas vinculadas con autovía de la Ruta Nacional 12 entre Posadas y Corrientes. La iniciativa procura atender la situación descripta en el expediente mediante la intervención de los organismos competentes y las acciones técnicas, administrativas o presupuestarias que correspondan.","Energía, Transporte, Obras Y Servicios Públicos","Hacienda, Presupuesto E Impuestos",Infraestructura,acompanado,Gonzalo,Presentado,En comisiones,False,,EXP-19971,False,False,https://hcdcorrientes.gov.ar/expedientes/19971/,https://hcdcorrientes.gov.ar/wp-content/uploads/2026/05/Expte-19971.pdf,EXPTE-19971-RESOLUCION-solicita-al-poder-ejecutivo-que-junto-a-la-provincia-de-misiones-gesti.pdf,crear,,verificado_fuente_y_pdf_oficial
20012,2026-05-27,8ª Reunión | 8ª Sesión Ordinaria,Resolución,"Insta al Poder Ejecutivo a que, a través de los ministerios y áreas competentes, arbitre y coordine con el Poder Ejecutivo Nacional y con las autoridades gubernamentales del Estado de Rio Grande do Sul (Brasil) para reactivar y avanzar en la concreción del Puente Carretero Internacional Alvear – Itaqui.",Puente Internacional Alvear-Itaqui,"Solicita al Poder Ejecutivo provincial que impulse medidas vinculadas con puente Internacional Alvear-Itaqui. La iniciativa procura atender la situación descripta en el expediente mediante la intervención de los organismos competentes y las acciones técnicas, administrativas o presupuestarias que correspondan.","Energía, Transporte, Obras Y Servicios Públicos",,Infraestructura,acompanado,Gonzalo,Presentado,En comisiones,False,,EXP-20012,False,False,https://hcdcorrientes.gov.ar/expedientes/20012/,https://hcdcorrientes.gov.ar/wp-content/uploads/2026/05/Expte-20012.pdf,EXPTE-20012-RESOLUCION-insta-al-poder-ejecutivo-a-que-a-traves-de-los-ministerios-y-areas-com.pdf,crear,,verificado_fuente_y_pdf_oficial
20013,2026-05-27,8ª Reunión | 8ª Sesión Ordinaria,Resolución,"Insta al Poder Ejecutivo a que, a través de los Ministerios de Seguridad y de Hacienda y Finanzas, arbitre los fondos presupuestarios y ejecute de manera prioritaria la obra de remodelación, modernización integral y adecuación edilicia de la Comisaría Seccional Primera y de la Comisaría de la Mujer de la ciudad de Gobernador Virasoro.",Modernización de comisarías de Gobernador Virasoro,"Solicita al Poder Ejecutivo provincial que impulse medidas vinculadas con modernización de comisarías de Gobernador Virasoro. La iniciativa procura atender la situación descripta en el expediente mediante la intervención de los organismos competentes y las acciones técnicas, administrativas o presupuestarias que correspondan.","Energía, Transporte, Obras Y Servicios Públicos","Hacienda, Presupuesto E Impuestos",Infraestructura,acompanado,Gonzalo,Presentado,En comisiones,False,,EXP-20013,False,False,https://hcdcorrientes.gov.ar/expedientes/20013/,https://hcdcorrientes.gov.ar/wp-content/uploads/2026/05/Expte-20013.pdf,EXPTE-20013-RESOLUCION-insta-al-poder-ejecutivo-a-que-a-traves-de-los-ministerios-de-segurida.pdf,crear,,verificado_fuente_y_pdf_oficial
20017,2026-05-27,8ª Reunión | 8ª Sesión Ordinaria,Resolución,"Solicita al Poder Ejecutivo Nacional que, por intermedio del Ente Nacional de Comunicaciones (ENACOM) y de los organismos nacionales competentes, arbitre los medios necesarios para relevar, financiar y ejecutar obras de infraestructura de conectividad digital en zonas rurales, semi rurales y periurbanas de Corrientes con baja, deficiente o nula cobertura de telefonía móvil y de acceso a internet.",Conectividad digital en zonas rurales y periurbanas,"Solicita al Poder Ejecutivo provincial que impulse medidas vinculadas con conectividad digital en zonas rurales y periurbanas. La iniciativa procura atender la situación descripta en el expediente mediante la intervención de los organismos competentes y las acciones técnicas, administrativas o presupuestarias que correspondan.","Energía, Transporte, Obras Y Servicios Públicos","Hacienda, Presupuesto E Impuestos",Infraestructura,coautoria,Gonzalo,Presentado,En comisiones,True,P-0076,EXP-20017,False,True,https://hcdcorrientes.gov.ar/expedientes/20017/,https://hcdcorrientes.gov.ar/wp-content/uploads/2026/05/Expte-20017.pdf,EXPTE-20017-RESOLUCION-solicita-al-poder-ejecutivo-nacional-que-por-intermedio-del-ente-nacio.pdf,actualizar_y_migrar,,verificado_fuente_y_pdf_oficial
20026,2026-06-03,9ª Reunión | 9ª Sesión Ordinaria,Resolución,"Insta al Poder Ejecutivo, a través del Ministerio de Educación, proceda a dar respuesta favorable al Expte. 321-16439/18 donde se solicita la imposición del nombre “Héroes de Malvinas” al Colegio Secundario de Esquina (CUE 1801867-00).",Nombre Héroes de Malvinas para el Colegio Secundario de Esquina,"Solicita al Poder Ejecutivo provincial que impulse medidas vinculadas con nombre Héroes de Malvinas para el Colegio Secundario de Esquina. La iniciativa procura atender la situación descripta en el expediente mediante la intervención de los organismos competentes y las acciones técnicas, administrativas o presupuestarias que correspondan.","Educación, Cultura, Ciencia Y Tecnología",,Educación,acompanado,Gonzalo,Presentado,En comisiones,False,,EXP-20026,False,False,https://hcdcorrientes.gov.ar/expedientes/20026/,https://hcdcorrientes.gov.ar/wp-content/uploads/2026/05/Expte-20026.pdf,EXPTE-20026-RESOLUCION-insta-al-poder-ejecutivo-a-traves-del-ministerio-de-educacion-proceda.pdf,crear,,verificado_fuente_y_pdf_oficial
20039,2026-06-03,9ª Reunión | 9ª Sesión Ordinaria,Resolución,"Solicita al Poder Ejecutivo que, a través del Ministerio de Obras y Servicios Públicos, la Dirección de Transporte Fluvial y Puertos y los organismos competentes, informe las gestiones realizadas ante el Estado Nacional y el estado de situación actual de la obra del Nuevo Puerto de Itá Ibaté.",Informe sobre el nuevo puerto de Itá Ibaté,"Solicita al Poder Ejecutivo provincial información oficial sobre informe sobre el nuevo puerto de Itá Ibaté. El pedido busca conocer la situación actual, las medidas adoptadas y las acciones previstas por los organismos competentes, conforme a los puntos desarrollados en el expediente.","Energía, Transporte, Obras Y Servicios Públicos",,Infraestructura,acompanado,Gonzalo,Presentado,En comisiones,False,,EXP-20039,False,False,https://hcdcorrientes.gov.ar/expedientes/20039/,https://hcdcorrientes.gov.ar/wp-content/uploads/2026/05/Expte-20039.pdf,EXPTE-20039-RESOLUCION-solicita-al-poder-ejecutivo-que-a-traves-del-ministerio-de-obras-y-ser.pdf,crear,,verificado_fuente_y_pdf_oficial
20040,2026-06-03,9ª Reunión | 9ª Sesión Ordinaria,Resolución,"Solicita al Poder Ejecutivo, a través del Ministerio de Producción, de la Dirección de Recursos Forestales y del Ministerio de Ciencia y Tecnología, informe las razones por las cuales no se convocó a la científica correntina, María Victoria Rivera de Moraes, galardonada por la NASA por su proyecto de prevención predictiva de incendios forestales basado en Inteligencia Artificial.",Informe sobre prevención de incendios con inteligencia artificial,"Solicita al Poder Ejecutivo provincial información oficial sobre informe sobre prevención de incendios con inteligencia artificial. El pedido busca conocer la situación actual, las medidas adoptadas y las acciones previstas por los organismos competentes, conforme a los puntos desarrollados en el expediente.","Producción, Industria, Comercio Y Turismo",,Ambiente,acompanado,Gonzalo,Presentado,En comisiones,False,,EXP-20040,False,False,https://hcdcorrientes.gov.ar/expedientes/20040/,https://hcdcorrientes.gov.ar/wp-content/uploads/2026/05/Expte-20040.pdf,EXPTE-20040-RESOLUCION-solicita-al-poder-ejecutivo-a-traves-del-ministerio-de-produccion-de-l.pdf,crear,,verificado_fuente_y_pdf_oficial
20041,2026-06-03,9ª Reunión | 9ª Sesión Ordinaria,Resolución,"Insta al Poder Ejecutivo, a través del Ministerio de Obras y Servicios Públicos y de la Dirección Provincial de Vialidad (DPV), a realizar de manera urgente el proyecto ejecutivo para la obra de pavimentación del acceso a la localidad de Garruchos, desde la intersección con la RP 94 hasta el centro del casco urbano de dicha comunidad.",Pavimentación del acceso a Garruchos,"Solicita al Poder Ejecutivo provincial que impulse medidas vinculadas con pavimentación del acceso a Garruchos. La iniciativa procura atender la situación descripta en el expediente mediante la intervención de los organismos competentes y las acciones técnicas, administrativas o presupuestarias que correspondan.","Energía, Transporte, Obras Y Servicios Públicos",,Infraestructura,acompanado,Gonzalo,Presentado,En comisiones,False,,EXP-20041,False,False,https://hcdcorrientes.gov.ar/expedientes/20041/,https://hcdcorrientes.gov.ar/wp-content/uploads/2026/05/Expte-20041.pdf,EXPTE-20041-RESOLUCION-insta-al-poder-ejecutivo-a-traves-del-ministerio-de-obras-y-servicios.pdf,crear,,verificado_fuente_y_pdf_oficial
20068,2026-06-17,10ª Reunión | 10ª Sesión Ordinaria,Resolución,"Solicita al Poder Ejecutivo, a través de los organismos técnicos competentes, remita un informe detallado sobre el estado de ejecución, planificación y proyección de la obra del Nuevo Puerto de Lavalle.",Informe sobre el nuevo puerto de Lavalle,"Solicita al Poder Ejecutivo provincial información oficial sobre informe sobre el nuevo puerto de Lavalle. El pedido busca conocer la situación actual, las medidas adoptadas y las acciones previstas por los organismos competentes, conforme a los puntos desarrollados en el expediente.","Energía, Transporte, Obras Y Servicios Públicos",,Infraestructura,acompanado,Gonzalo,Presentado,En comisiones,False,,EXP-20068,False,False,https://hcdcorrientes.gov.ar/expedientes/20068/,https://hcdcorrientes.gov.ar/wp-content/uploads/2026/06/Expte-20068.pdf,EXPTE-20068-RESOLUCION-solicita-al-poder-ejecutivo-a-traves-de-los-organismos-tecnicos-compet.pdf,crear,,verificado_fuente_y_pdf_oficial
20069,2026-06-17,10ª Reunión | 10ª Sesión Ordinaria,Resolución,"Solicita al Poder Ejecutivo que, a través del Ministerio de Obras y Servicios Públicos, disponga las medidas presupuestarias y técnicas necesarias para la remodelación, ampliación y modernización de las instalaciones edilicias de la Dirección Provincial de Energía de Corrientes (DPEC) de la ciudad de Gobernador Virasoro.",Modernización de la sede de la DPEC en Gobernador Virasoro,"Solicita al Poder Ejecutivo provincial que impulse medidas vinculadas con modernización de la sede de la DPEC en Gobernador Virasoro. La iniciativa procura atender la situación descripta en el expediente mediante la intervención de los organismos competentes y las acciones técnicas, administrativas o presupuestarias que correspondan.","Energía, Transporte, Obras Y Servicios Públicos",,Infraestructura,acompanado,Gonzalo,Presentado,En comisiones,False,,EXP-20069,False,False,https://hcdcorrientes.gov.ar/expedientes/20069/,https://hcdcorrientes.gov.ar/wp-content/uploads/2026/06/Expte-20069.pdf,EXPTE-20069-RESOLUCION-solicita-al-poder-ejecutivo-que-a-traves-del-ministerio-de-obras-y-ser.pdf,crear,,verificado_fuente_y_pdf_oficial
20070,2026-06-17,10ª Reunión | 10ª Sesión Ordinaria,Resolución,"Solicita al Poder Ejecutivo, a través del Instituto de Vivienda de Corrientes (INVICO), remita un informe sobre el estado de situación de la construcción de las 55 viviendas en el barrio 5 de Julio de la ciudad de Mercedes.",Informe sobre 55 viviendas del barrio 5 de Julio de Mercedes,"Solicita al Poder Ejecutivo provincial información oficial sobre informe sobre 55 viviendas del barrio 5 de Julio de Mercedes. El pedido busca conocer la situación actual, las medidas adoptadas y las acciones previstas por los organismos competentes, conforme a los puntos desarrollados en el expediente.","Energía, Transporte, Obras Y Servicios Públicos",,Educación,acompanado,Gonzalo,Presentado,En comisiones,False,,EXP-20070,False,False,https://hcdcorrientes.gov.ar/expedientes/20070/,https://hcdcorrientes.gov.ar/wp-content/uploads/2026/06/Expte-20070.pdf,EXPTE-20070-RESOLUCION-solicita-al-poder-ejecutivo-a-traves-del-instituto-de-vivienda-de-corr.pdf,crear,,verificado_fuente_y_pdf_oficial
20071,2026-06-17,10ª Reunión | 10ª Sesión Ordinaria,Resolución,"Solicita al Poder Ejecutivo, a través de la Dirección Provincial de Vialidad (DPV), la elaboración del proyecto y la posterior ejecución de la obra de pavimentación de la RP Nº 34, en el tramo comprendido entre la localidad de San Carlos y la intersección con el límite de la provincia de Misiones (RP Nº 213 – By Pass).",Pavimentación de la Ruta Provincial 34,"Solicita al Poder Ejecutivo provincial que impulse medidas vinculadas con pavimentación de la Ruta Provincial 34. La iniciativa procura atender la situación descripta en el expediente mediante la intervención de los organismos competentes y las acciones técnicas, administrativas o presupuestarias que correspondan.","Energía, Transporte, Obras Y Servicios Públicos",,Infraestructura,acompanado,Gonzalo,Presentado,En comisiones,False,,EXP-20071,False,False,https://hcdcorrientes.gov.ar/expedientes/20071/,https://hcdcorrientes.gov.ar/wp-content/uploads/2026/06/Expte-20071.pdf,EXPTE-20071-RESOLUCION-solicita-al-poder-ejecutivo-a-traves-de-la-direccion-provincial-de-via.pdf,crear,,verificado_fuente_y_pdf_oficial
20073,2026-06-17,10ª Reunión | 10ª Sesión Ordinaria,Resolución,"Solicita al Poder Ejecutivo que, por intermedio del Ministerio de Educación, informe la situación del establecimiento “Instituto Superior del Nordeste” y/o “Instituto del Nordeste”, con especial referencia a sus ámbitos de funcionamiento en las ciudades de Goya y Bella Vista.",Informe sobre el Instituto del Nordeste,"Solicita al Poder Ejecutivo provincial información oficial sobre informe sobre el Instituto del Nordeste. El pedido busca conocer la situación actual, las medidas adoptadas y las acciones previstas por los organismos competentes, conforme a los puntos desarrollados en el expediente.","Educación, Cultura, Ciencia Y Tecnología",,Educación,coautoria,Gonzalo,Presentado,En comisiones,True,P-0082,EXP-20073,True,False,https://hcdcorrientes.gov.ar/expedientes/20073/,https://hcdcorrientes.gov.ar/wp-content/uploads/2026/06/Expte-20073.pdf,EXPTE-20073-RESOLUCION-solicita-al-poder-ejecutivo-que-por-intermedio-del-ministerio-de-educa.pdf,actualizar_y_migrar,,verificado_fuente_y_pdf_oficial
20089,2026-06-17,10ª Reunión | 10ª Sesión Ordinaria,Resolución,"Solicita al Poder Ejecutivo, en el marco del Fondo de Desarrollo Rural, el mantenimiento, la reparación y la recuperación de la transitabilidad de la RP Nº 25 en el departamento de Goya.",Mantenimiento de la Ruta Provincial 25 en Goya,"Solicita al Poder Ejecutivo provincial que impulse medidas vinculadas con mantenimiento de la Ruta Provincial 25 en Goya. La iniciativa procura atender la situación descripta en el expediente mediante la intervención de los organismos competentes y las acciones técnicas, administrativas o presupuestarias que correspondan.","Energía, Transporte, Obras Y Servicios Públicos",,Infraestructura,acompanado,Gonzalo,Presentado,En comisiones,False,,EXP-20089,False,False,https://hcdcorrientes.gov.ar/expedientes/20089/,https://hcdcorrientes.gov.ar/wp-content/uploads/2026/06/Expte-20089.pdf,EXPTE-20089-RESOLUCION-solicita-al-poder-ejecutivo-en-el-marco-del-fondo-de-desarrollo-rural.pdf,crear,,verificado_fuente_y_pdf_oficial
20155,2026-07-08,11ª Reunión | 11ª Sesión Ordinaria,Resolución,"Insta al Poder Ejecutivo, a través del Ministerio de Educación, a realizar un relevamiento integral de la situación actual de las escuelas rurales de la provincia y la revisión del cierre de la Escuela Rural N° 374 “Pablo A. Luzuriaga” (Paraje Laurel, Santo Tomé) y de la Escuela Rural N° 225 “Cesáreo Navajas Centeno” (Paraje Cailar Cué, Gobernador Virasoro).",Relevamiento de escuelas rurales y revisión de cierres,"Solicita al Poder Ejecutivo provincial que impulse medidas vinculadas con relevamiento de escuelas rurales y revisión de cierres. La iniciativa procura atender la situación descripta en el expediente mediante la intervención de los organismos competentes y las acciones técnicas, administrativas o presupuestarias que correspondan.","Educación, Cultura, Ciencia Y Tecnología",,Educación,acompanado,Gonzalo,Presentado,En comisiones,False,,EXP-20155,False,False,https://hcdcorrientes.gov.ar/expedientes/20155/,https://hcdcorrientes.gov.ar/wp-content/uploads/2026/07/Expte-20155.pdf,EXPTE-20155-RESOLUCION-insta-al-poder-ejecutivo-a-traves-del-ministerio-de-educacion-a-realiz.pdf,crear,,verificado_fuente_y_pdf_oficial
20156,2026-07-08,11ª Reunión | 11ª Sesión Ordinaria,Resolución,"Solicita al Poder Ejecutivo, a través del Ministerio de Hacienda y Finanzas, informe sobre el estado de avance de la obra Complejo de Alto Rendimiento Deportivo (COAR).",Informe sobre el Complejo de Alto Rendimiento Deportivo,"Solicita al Poder Ejecutivo provincial información oficial sobre informe sobre el Complejo de Alto Rendimiento Deportivo. El pedido busca conocer la situación actual, las medidas adoptadas y las acciones previstas por los organismos competentes, conforme a los puntos desarrollados en el expediente.","Energía, Transporte, Obras Y Servicios Públicos","Hacienda, Presupuesto E Impuestos",Infraestructura,acompanado,Gonzalo,Presentado,En comisiones,False,,EXP-20156,False,False,https://hcdcorrientes.gov.ar/expedientes/20156/,https://hcdcorrientes.gov.ar/wp-content/uploads/2026/07/Expte-20156.pdf,EXPTE-20156-RESOLUCION-solicita-al-poder-ejecutivo-a-traves-del-ministerio-de-hacienda-y-fina.pdf,crear,,verificado_fuente_y_pdf_oficial
20157,2026-07-08,11ª Reunión | 11ª Sesión Ordinaria,Resolución,"Insta al Poder Ejecutivo, a través de la Dirección Provincial de Vialidad, a ejecutar las obras de mantenimiento y reparación de la RP Nº 33, en su trayecto entre Mocoretá y Monte Caseros.",Mantenimiento de la Ruta Provincial 33 entre Mocoretá y Monte Caseros,"Solicita al Poder Ejecutivo provincial que impulse medidas vinculadas con mantenimiento de la Ruta Provincial 33 entre Mocoretá y Monte Caseros. La iniciativa procura atender la situación descripta en el expediente mediante la intervención de los organismos competentes y las acciones técnicas, administrativas o presupuestarias que correspondan.","Energía, Transporte, Obras Y Servicios Públicos",,Infraestructura,acompanado,Gonzalo,Presentado,En comisiones,False,,EXP-20157,False,False,https://hcdcorrientes.gov.ar/expedientes/20157/,https://hcdcorrientes.gov.ar/wp-content/uploads/2026/07/Expte-20157.pdf,EXPTE-20157-RESOLUCION-insta-al-poder-ejecutivo-a-traves-de-la-direccion-provincial-de-vialid.pdf,crear,,verificado_fuente_y_pdf_oficial
19720,2026-03-18,2ª Reunión | 2ª Sesión Ordinaria,Declaración,De interés el informe elaborado por la Fundación Derechos Humanos Equidad y Género (FUNDHEG) sobre el monitoreo de la implementación de la ley nacional 25673 -Programa Nacional de Salud Sexual y Procreación Responsable- y la ley nacional 27610 -Acceso a la Interrupción Voluntaria del Embarazo- en la Provincia de Corrientes.,Monitoreo de políticas de salud sexual y reproductiva,"Declara de interés legislativo monitoreo de políticas de salud sexual y reproductiva. La iniciativa reconoce su relevancia social, cultural, educativa o comunitaria para la provincia y promueve su difusión institucional, de acuerdo con los antecedentes incorporados en el expediente.",Sobre tablas,,Salud,coautoria,Gonzalo,Presentado,Aprobado,True,P-0026,EXP-19720,False,True,https://hcdcorrientes.gov.ar/expedientes/19720/,https://hcdcorrientes.gov.ar/wp-content/uploads/2026/03/Expte-19720.pdf,EXPTE-19720-DECLARACION-de-interes-el-informe-elaborado-por-la-fundacion-derechos-humanos-equi.pdf,actualizar_y_migrar,,verificado_fuente_y_pdf_oficial
19729,2026-03-18,2ª Reunión | 2ª Sesión Ordinaria,Declaración,De interés el 65º aniversario de la Escuela Normal “Paula Albarracín de Sarmiento” de Gdor. Ingeniero Valentín Virasoro.,65º aniversario de la Escuela Normal de Gobernador Virasoro,"Declara de interés legislativo 65º aniversario de la Escuela Normal de Gobernador Virasoro. La iniciativa reconoce su relevancia social, cultural, educativa o comunitaria para la provincia y promueve su difusión institucional, de acuerdo con los antecedentes incorporados en el expediente.",Sobre tablas,,Educación,acompanado,Gonzalo,Presentado,Aprobado,True,P-0025,EXP-19729,False,True,https://hcdcorrientes.gov.ar/expedientes/19729/,https://hcdcorrientes.gov.ar/wp-content/uploads/2026/03/Expte-19729.pdf,EXPTE-19729-DECLARACION-de-interes-el-65-aniversario-de-la-escuela-normal-paula-albarracin-de.pdf,actualizar_y_migrar,,verificado_fuente_y_pdf_oficial
19756,2026-04-08,3ª Reunión | 3ª Sesión Ordinaria,Declaración,De interés el 111º aniversario de la fundación del Club Sportivo.,111º aniversario del Club Sportivo,"Declara de interés legislativo 111º aniversario del Club Sportivo. La iniciativa reconoce su relevancia social, cultural, educativa o comunitaria para la provincia y promueve su difusión institucional, de acuerdo con los antecedentes incorporados en el expediente.",Sobre tablas,,Cultura,acompanado,Gonzalo,Presentado,Aprobado,False,,EXP-19756,False,False,https://hcdcorrientes.gov.ar/expedientes/19756/,https://hcdcorrientes.gov.ar/wp-content/uploads/2026/04/Expte-19756.pdf,EXPTE-19756-DECLARACION-de-interes-el-111-aniversario-de-la-fundacion-del-club-sportivo.pdf,crear,,verificado_fuente_y_pdf_oficial
19759,2026-04-08,3ª Reunión | 3ª Sesión Ordinaria,Declaración,De interés el libro “Salvador y el perrito de agua” del autor Marcelo E. González Vilas.,"Libro Salvador y el perrito de agua, de Marcelo González Vilas","Declara de interés legislativo libro Salvador y el perrito de agua, de Marcelo González Vilas. La iniciativa reconoce su relevancia social, cultural, educativa o comunitaria para la provincia y promueve su difusión institucional, de acuerdo con los antecedentes incorporados en el expediente.",Sobre tablas,,Educación,acompanado,Gonzalo,Presentado,Aprobado,False,,EXP-19759,False,False,https://hcdcorrientes.gov.ar/expedientes/19759/,https://hcdcorrientes.gov.ar/wp-content/uploads/2026/04/Expte-19759.pdf,EXPTE-19759-DECLARACION-de-interes-el-libro-salvador-y-el-perrito-de-agua-del-autor-marcelo-e.pdf,crear,,verificado_fuente_y_pdf_oficial
19760,2026-04-08,3ª Reunión | 3ª Sesión Ordinaria,Declaración,"De interés el libro “Covid-19, aprendamos a convivir con él” de la autora Marta Domínguez.","Libro Covid-19, aprendamos a convivir con él, de Marta Domínguez","Declara de interés legislativo libro Covid-19, aprendamos a convivir con él, de Marta Domínguez. La iniciativa reconoce su relevancia social, cultural, educativa o comunitaria para la provincia y promueve su difusión institucional, de acuerdo con los antecedentes incorporados en el expediente.",Sobre tablas,,Educación,acompanado,Gonzalo,Presentado,Aprobado,False,,EXP-19760,False,False,https://hcdcorrientes.gov.ar/expedientes/19760/,https://hcdcorrientes.gov.ar/wp-content/uploads/2026/04/Expte-19760.pdf,EXPTE-19760-DECLARACION-de-interes-el-libro-covid-19-aprendamos-a-convivir-con-el-de-la-autora.pdf,crear,,verificado_fuente_y_pdf_oficial
19770,2026-04-08,3ª Reunión | 3ª Sesión Ordinaria,Declaración,De interés el aniversario de la fundación del Club Atlético Peñarol.,Aniversario del Club Atlético Peñarol,"Declara de interés legislativo aniversario del Club Atlético Peñarol. La iniciativa reconoce su relevancia social, cultural, educativa o comunitaria para la provincia y promueve su difusión institucional, de acuerdo con los antecedentes incorporados en el expediente.",Sobre tablas,,Cultura,acompanado,Gonzalo,Presentado,Aprobado,False,,EXP-19770,False,False,https://hcdcorrientes.gov.ar/expedientes/19770/,https://hcdcorrientes.gov.ar/wp-content/uploads/2026/04/Expte-19770.pdf,EXPTE-19770-DECLARACION-de-interes-el-aniversario-de-la-fundacion-del-club-atletico-penarol.pdf,crear,,verificado_fuente_y_pdf_oficial
19771,2026-04-08,3ª Reunión | 3ª Sesión Ordinaria,Declaración,De interés las actividades por el Día Mundial del Parkinson.,Día Mundial del Parkinson,"Declara de interés legislativo día Mundial del Parkinson. La iniciativa reconoce su relevancia social, cultural, educativa o comunitaria para la provincia y promueve su difusión institucional, de acuerdo con los antecedentes incorporados en el expediente.",Sobre tablas,,Salud,acompanado,Gonzalo,Presentado,Aprobado,False,,EXP-19771,False,False,https://hcdcorrientes.gov.ar/expedientes/19771/,https://hcdcorrientes.gov.ar/wp-content/uploads/2026/04/Expte-19771.pdf,EXPTE-19771-DECLARACION-de-interes-las-actividades-por-el-dia-mundial-del-parkinson.pdf,crear,,verificado_fuente_y_pdf_oficial
19772,2026-04-08,3ª Reunión | 3ª Sesión Ordinaria,Declaración,De interés las actividades por el Día del Kinesiólogo.,Día del Kinesiólogo,"Declara de interés legislativo día del Kinesiólogo. La iniciativa reconoce su relevancia social, cultural, educativa o comunitaria para la provincia y promueve su difusión institucional, de acuerdo con los antecedentes incorporados en el expediente.",Sobre tablas,,Transparencia institucional,acompanado,Gonzalo,Presentado,Aprobado,False,,EXP-19772,False,False,https://hcdcorrientes.gov.ar/expedientes/19772/,https://hcdcorrientes.gov.ar/wp-content/uploads/2026/04/Expte-19772.pdf,EXPTE-19772-DECLARACION-de-interes-las-actividades-por-el-dia-del-kinesiologo.pdf,crear,,verificado_fuente_y_pdf_oficial
19773,2026-04-08,3ª Reunión | 3ª Sesión Ordinaria,Declaración,De interés las actividades por el Día Mundial de la Enfermedad de Chagas.,Día Mundial de la Enfermedad de Chagas,"Declara de interés legislativo día Mundial de la Enfermedad de Chagas. La iniciativa reconoce su relevancia social, cultural, educativa o comunitaria para la provincia y promueve su difusión institucional, de acuerdo con los antecedentes incorporados en el expediente.",Sobre tablas,,Salud,acompanado,Gonzalo,Presentado,Aprobado,False,,EXP-19773,False,False,https://hcdcorrientes.gov.ar/expedientes/19773/,https://hcdcorrientes.gov.ar/wp-content/uploads/2026/04/Expte-19773.pdf,EXPTE-19773-DECLARACION-de-interes-las-actividades-por-el-dia-mundial-de-la-enfermedad-de-chag.pdf,crear,,verificado_fuente_y_pdf_oficial
19774,2026-04-08,3ª Reunión | 3ª Sesión Ordinaria,Declaración,De interés el 113º aniversario de la Escuela Nº 3 “Del Centenario”.,113º aniversario de la Escuela Nº 3 Del Centenario,"Declara de interés legislativo 113º aniversario de la Escuela Nº 3 Del Centenario. La iniciativa reconoce su relevancia social, cultural, educativa o comunitaria para la provincia y promueve su difusión institucional, de acuerdo con los antecedentes incorporados en el expediente.",Sobre tablas,,Educación,acompanado,Gonzalo,Presentado,Aprobado,False,,EXP-19774,False,False,https://hcdcorrientes.gov.ar/expedientes/19774/,https://hcdcorrientes.gov.ar/wp-content/uploads/2026/04/Expte-19774.pdf,EXPTE-19774-DECLARACION-de-interes-el-113-aniversario-de-la-escuela-n-3-del-centenario.pdf,crear,,verificado_fuente_y_pdf_oficial
19775,2026-04-08,3ª Reunión | 3ª Sesión Ordinaria,Declaración,De interés las actividades por el Día Mundial del Emprendimiento.,Día Mundial del Emprendimiento,"Declara de interés legislativo día Mundial del Emprendimiento. La iniciativa reconoce su relevancia social, cultural, educativa o comunitaria para la provincia y promueve su difusión institucional, de acuerdo con los antecedentes incorporados en el expediente.",Sobre tablas,,Producción,acompanado,Gonzalo,Presentado,Aprobado,False,,EXP-19775,False,False,https://hcdcorrientes.gov.ar/expedientes/19775/,https://hcdcorrientes.gov.ar/wp-content/uploads/2026/04/Expte-19775.pdf,EXPTE-19775-DECLARACION-de-interes-las-actividades-por-el-dia-mundial-del-emprendimiento.pdf,crear,,verificado_fuente_y_pdf_oficial
19795,2026-04-08,3ª Reunión | 3ª Sesión Ordinaria,Declaración,De interés el centenario de la imposición del nombre a la ciudad de “Gobernador Ing. Valentín Virasoro”.,Centenario de la denominación de Gobernador Virasoro,"Declara de interés legislativo centenario de la denominación de Gobernador Virasoro. La iniciativa reconoce su relevancia social, cultural, educativa o comunitaria para la provincia y promueve su difusión institucional, de acuerdo con los antecedentes incorporados en el expediente.",Sobre tablas,,Transparencia institucional,acompanado,Gonzalo,Presentado,Aprobado,True,P-0050,EXP-19795,True,False,https://hcdcorrientes.gov.ar/expedientes/19795/,https://hcdcorrientes.gov.ar/wp-content/uploads/2026/04/Expte-19795.pdf,EXPTE-19795-DECLARACION-de-interes-el-centenario-de-la-imposicion-del-nombre-a-la-ciudad-de-go.pdf,actualizar_y_migrar,,verificado_fuente_y_pdf_oficial
19820,2026-04-15,4ª Reunión | 4ª Sesión Ordinaria,Declaración,De interés el 68º aniversario de la creación de LT7 Radio Provincia de Corrientes.,68º aniversario de LT7 Radio Provincia de Corrientes,"Declara de interés legislativo 68º aniversario de LT7 Radio Provincia de Corrientes. La iniciativa reconoce su relevancia social, cultural, educativa o comunitaria para la provincia y promueve su difusión institucional, de acuerdo con los antecedentes incorporados en el expediente.",Sobre tablas,,Cultura,acompanado,Gonzalo,Presentado,Aprobado,False,,EXP-19820,False,False,https://hcdcorrientes.gov.ar/expedientes/19820/,https://hcdcorrientes.gov.ar/wp-content/uploads/2026/04/Expte-19820.pdf,EXPTE-19820-DECLARACION-de-interes-el-68-aniversario-de-la-creacion-de-lt7-radio-provincia-de.pdf,crear,,verificado_fuente_y_pdf_oficial
19821,2026-04-15,4ª Reunión | 4ª Sesión Ordinaria,Declaración,De interés el 13º aniversario de la creación del Municipio de San Isidro.,13º aniversario del Municipio de San Isidro,"Declara de interés legislativo 13º aniversario del Municipio de San Isidro. La iniciativa reconoce su relevancia social, cultural, educativa o comunitaria para la provincia y promueve su difusión institucional, de acuerdo con los antecedentes incorporados en el expediente.",Sobre tablas,,Cultura,acompanado,Gonzalo,Presentado,Aprobado,False,,EXP-19821,False,False,https://hcdcorrientes.gov.ar/expedientes/19821/,https://hcdcorrientes.gov.ar/wp-content/uploads/2026/04/Expte-19821.pdf,EXPTE-19821-DECLARACION-de-interes-el-13-aniversario-de-la-creacion-del-municipio-de-san-isidr.pdf,crear,,verificado_fuente_y_pdf_oficial
19822,2026-04-15,4ª Reunión | 4ª Sesión Ordinaria,Declaración,De interés las actividades por el Día Mundial del Libro y del Derecho de Autor.,Día Mundial del Libro y del Derecho de Autor,"Declara de interés legislativo día Mundial del Libro y del Derecho de Autor. La iniciativa reconoce su relevancia social, cultural, educativa o comunitaria para la provincia y promueve su difusión institucional, de acuerdo con los antecedentes incorporados en el expediente.",Sobre tablas,,Educación,acompanado,Gonzalo,Presentado,Aprobado,False,,EXP-19822,False,False,https://hcdcorrientes.gov.ar/expedientes/19822/,https://hcdcorrientes.gov.ar/wp-content/uploads/2026/04/Expte-19822.pdf,EXPTE-19822-DECLARACION-de-interes-las-actividades-por-el-dia-mundial-del-libro-y-del-derecho.pdf,crear,,verificado_fuente_y_pdf_oficial
19833,2026-04-15,4ª Reunión | 4ª Sesión Ordinaria,Declaración,"De interés el trabajo final de la carrera de Ingeniería Civil de la Universidad Nacional del Nordeste, titulado “Rehabilitación y mejoras de seguridad de la RP Nº 27, tramo: Santa Lucía – Goya”, elaborado por los ingenieros Alan Billordo Ciocchi, Ángel José Cuzziol y Ariana Rey.",Estudio para mejorar la seguridad de la Ruta Provincial 27,"Declara de interés legislativo estudio para mejorar la seguridad de la Ruta Provincial 27. La iniciativa reconoce su relevancia social, cultural, educativa o comunitaria para la provincia y promueve su difusión institucional, de acuerdo con los antecedentes incorporados en el expediente.",Sobre tablas,,Infraestructura,coautoria,Gonzalo,Presentado,Aprobado,True,P-0053,EXP-19833,True,True,https://hcdcorrientes.gov.ar/expedientes/19833/,https://hcdcorrientes.gov.ar/wp-content/uploads/2026/04/Expte-19833.pdf,EXPTE-19833-DECLARACION-de-interes-el-trabajo-final-de-la-carrera-de-ingenieria-civil-de-la-un.pdf,actualizar_y_migrar,,verificado_fuente_y_pdf_oficial
19834,2026-04-15,4ª Reunión | 4ª Sesión Ordinaria,Declaración,"De interés el Proyecto Cultural “Mendoza”, revista mensual dedicada a la difusión del patrimonio histórico, literario y cultural de la provincia de Corrientes.",Proyecto Cultural Mendoza,"Declara de interés legislativo proyecto Cultural Mendoza. La iniciativa reconoce su relevancia social, cultural, educativa o comunitaria para la provincia y promueve su difusión institucional, de acuerdo con los antecedentes incorporados en el expediente.",Sobre tablas,,Cultura,coautoria,Gonzalo,Presentado,Aprobado,True,P-0059,EXP-19834,True,False,https://hcdcorrientes.gov.ar/expedientes/19834/,https://hcdcorrientes.gov.ar/wp-content/uploads/2026/04/Expte-19834.pdf,EXPTE-19834-DECLARACION-de-interes-el-proyecto-cultural-mendoza-revista-mensual-dedicada-a-la.pdf,actualizar_y_migrar,,verificado_fuente_y_pdf_oficial
19835,2026-04-15,4ª Reunión | 4ª Sesión Ordinaria,Declaración,"De profundo pesar por el fallecimiento del veterano de la Guerra de Malvinas, Roque Zabala, vecino de la ciudad de Goya.",Homenaje al veterano de Malvinas Roque Zabala,"Declara de interés legislativo homenaje al veterano de Malvinas Roque Zabala. La iniciativa reconoce su relevancia social, cultural, educativa o comunitaria para la provincia y promueve su difusión institucional, de acuerdo con los antecedentes incorporados en el expediente.",Sobre tablas,,Derechos Humanos,coautoria,Gonzalo,Presentado,Aprobado,True,P-0061,EXP-19835,True,True,https://hcdcorrientes.gov.ar/expedientes/19835/,https://hcdcorrientes.gov.ar/wp-content/uploads/2026/04/Expte-19835.pdf,EXPTE-19835-DECLARACION-de-profundo-pesar-por-el-fallecimiento-del-veterano-de-la-guerra-de-ma.pdf,actualizar_y_migrar,,verificado_fuente_y_pdf_oficial
19866,2026-04-29,5ª Reunión | 5ª Sesión Ordinaria,Declaración,De interés los actos y homenajes que se realicen por el Día Internacional del Trabajador.,Día Internacional del Trabajador,"Declara de interés legislativo día Internacional del Trabajador. La iniciativa reconoce su relevancia social, cultural, educativa o comunitaria para la provincia y promueve su difusión institucional, de acuerdo con los antecedentes incorporados en el expediente.",Sobre tablas,,Trabajo,acompanado,Gonzalo,Presentado,Aprobado,False,,EXP-19866,False,False,https://hcdcorrientes.gov.ar/expedientes/19866/,https://hcdcorrientes.gov.ar/wp-content/uploads/2026/04/Expte-19866.pdf,EXPTE-19866-DECLARACION-de-interes-los-actos-y-homenajes-que-se-realicen-por-el-dia-internacio.pdf,crear,,verificado_fuente_y_pdf_oficial
19867,2026-04-29,5ª Reunión | 5ª Sesión Ordinaria,Declaración,De interés las actividades a realizarse en el marco del Día Internacional contra el Bullying o acoso escolar.,Día Internacional contra el Bullying,"Declara de interés legislativo día Internacional contra el Bullying. La iniciativa reconoce su relevancia social, cultural, educativa o comunitaria para la provincia y promueve su difusión institucional, de acuerdo con los antecedentes incorporados en el expediente.",Sobre tablas,,Niñez y Adolescencia,acompanado,Gonzalo,Presentado,Aprobado,False,,EXP-19867,False,False,https://hcdcorrientes.gov.ar/expedientes/19867/,https://hcdcorrientes.gov.ar/wp-content/uploads/2026/04/Expte-19867.pdf,EXPTE-19867-DECLARACION-de-interes-las-actividades-a-realizarse-en-el-marco-del-dia-internacio.pdf,crear,,verificado_fuente_y_pdf_oficial
19868,2026-04-29,5ª Reunión | 5ª Sesión Ordinaria,Declaración,De interés la conmemoración del 66º aniversario de la fundación del Diario “El Litoral”.,66º aniversario del diario El Litoral,"Declara de interés legislativo 66º aniversario del diario El Litoral. La iniciativa reconoce su relevancia social, cultural, educativa o comunitaria para la provincia y promueve su difusión institucional, de acuerdo con los antecedentes incorporados en el expediente.",Sobre tablas,,Cultura,acompanado,Gonzalo,Presentado,Aprobado,False,,EXP-19868,False,False,https://hcdcorrientes.gov.ar/expedientes/19868/,https://hcdcorrientes.gov.ar/wp-content/uploads/2026/04/Expte-19868.pdf,EXPTE-19868-DECLARACION-de-interes-la-conmemoracion-del-66-aniversario-de-la-fundacion-del-dia.pdf,crear,,verificado_fuente_y_pdf_oficial
19882,2026-04-29,5ª Reunión | 5ª Sesión Ordinaria,Declaración,"De profundo pesar por el fallecimiento del Dr. Ernesto Walter Grosse y reconocimiento a su destacada trayectoria y valiosos aportes a la cultura, la educación y la historia de la ciudad de Goya.",Homenaje póstumo al doctor Ernesto Walter Grosse,"Declara de interés legislativo homenaje póstumo al doctor Ernesto Walter Grosse. La iniciativa reconoce su relevancia social, cultural, educativa o comunitaria para la provincia y promueve su difusión institucional, de acuerdo con los antecedentes incorporados en el expediente.",Sobre tablas,,Educación,coautoria,Gonzalo,Presentado,Aprobado,True,P-0064,EXP-19882,True,False,https://hcdcorrientes.gov.ar/expedientes/19882/,https://hcdcorrientes.gov.ar/wp-content/uploads/2026/04/Expte-19882.pdf,EXPTE-19882-DECLARACION-de-profundo-pesar-por-el-fallecimiento-del-dr-ernesto-walter-grosse-y.pdf,actualizar_y_migrar,,verificado_fuente_y_pdf_oficial
19897,2026-04-29,5ª Reunión | 5ª Sesión Ordinaria,Declaración,De interés el 60º aniversario de la Escuela Nº 202 “José Luis Navajas” de Gobernador Ingeniero Valentín Virasoro.,60º aniversario de la Escuela Nº 202 de Gobernador Virasoro,"Declara de interés legislativo 60º aniversario de la Escuela Nº 202 de Gobernador Virasoro. La iniciativa reconoce su relevancia social, cultural, educativa o comunitaria para la provincia y promueve su difusión institucional, de acuerdo con los antecedentes incorporados en el expediente.",Sobre tablas,,Educación,acompanado,Gonzalo,Presentado,Aprobado,False,,EXP-19897,False,False,https://hcdcorrientes.gov.ar/expedientes/19897/,https://hcdcorrientes.gov.ar/wp-content/uploads/2026/04/Expte-19897.pdf,EXPTE-19897-DECLARACION-de-interes-el-60-aniversario-de-la-escuela-n-202-jose-luis-navajas-de.pdf,crear,,verificado_fuente_y_pdf_oficial
19899,2026-04-29,5ª Reunión | 5ª Sesión Ordinaria,Declaración,De interés las actividades por el Día del Trabajador Gráfico.,Día del Trabajador Gráfico,"Declara de interés legislativo día del Trabajador Gráfico. La iniciativa reconoce su relevancia social, cultural, educativa o comunitaria para la provincia y promueve su difusión institucional, de acuerdo con los antecedentes incorporados en el expediente.",Sobre tablas,,Trabajo,acompanado,Gonzalo,Presentado,Aprobado,False,,EXP-19899,False,False,https://hcdcorrientes.gov.ar/expedientes/19899/,https://hcdcorrientes.gov.ar/wp-content/uploads/2026/04/Expte-19899.pdf,EXPTE-19899-DECLARACION-de-interes-las-actividades-por-el-dia-del-trabajador-grafico.pdf,crear,,verificado_fuente_y_pdf_oficial
19900,2026-04-29,5ª Reunión | 5ª Sesión Ordinaria,Declaración,De interés las actividades por el Día Mundial de la Comunicación Social.,Día Mundial de la Comunicación Social,"Declara de interés legislativo día Mundial de la Comunicación Social. La iniciativa reconoce su relevancia social, cultural, educativa o comunitaria para la provincia y promueve su difusión institucional, de acuerdo con los antecedentes incorporados en el expediente.",Sobre tablas,,Transparencia institucional,acompanado,Gonzalo,Presentado,Aprobado,False,,EXP-19900,False,False,https://hcdcorrientes.gov.ar/expedientes/19900/,https://hcdcorrientes.gov.ar/wp-content/uploads/2026/04/Expte-19900.pdf,EXPTE-19900-DECLARACION-de-interes-las-actividades-por-el-dia-mundial-de-la-comunicacion-socia.pdf,crear,,verificado_fuente_y_pdf_oficial
19901,2026-04-29,5ª Reunión | 5ª Sesión Ordinaria,Declaración,"De interés el aniversario de la fundación de la localidad de Bonpland, que se celebra el 11 de mayo del corriente año.",Aniversario de la localidad de Bonpland,"Declara de interés legislativo aniversario de la localidad de Bonpland. La iniciativa reconoce su relevancia social, cultural, educativa o comunitaria para la provincia y promueve su difusión institucional, de acuerdo con los antecedentes incorporados en el expediente.",Sobre tablas,,Cultura,acompanado,Gonzalo,Presentado,Aprobado,False,,EXP-19901,False,False,https://hcdcorrientes.gov.ar/expedientes/19901/,https://hcdcorrientes.gov.ar/wp-content/uploads/2026/04/Expte-19901.pdf,EXPTE-19901-DECLARACION-de-interes-el-aniversario-de-la-fundacion-de-la-localidad-de-bonpland.pdf,crear,,verificado_fuente_y_pdf_oficial
19903,2026-04-29,5ª Reunión | 5ª Sesión Ordinaria,Declaración,De interés las actividades a realizarse por el Día Internacional de la Enfermería.,Día Internacional de la Enfermería,"Declara de interés legislativo día Internacional de la Enfermería. La iniciativa reconoce su relevancia social, cultural, educativa o comunitaria para la provincia y promueve su difusión institucional, de acuerdo con los antecedentes incorporados en el expediente.",Sobre tablas,,Transparencia institucional,acompanado,Gonzalo,Presentado,Aprobado,False,,EXP-19903,False,False,https://hcdcorrientes.gov.ar/expedientes/19903/,https://hcdcorrientes.gov.ar/wp-content/uploads/2026/04/Expte-19903.pdf,EXPTE-19903-DECLARACION-de-interes-las-actividades-a-realizarse-por-el-dia-internacional-de-la.pdf,crear,,verificado_fuente_y_pdf_oficial
19904,2026-04-29,5ª Reunión | 5ª Sesión Ordinaria,Declaración,De interés las actividades a realizarse por el Día Internacional de la Cruz Roja y Media Luna Roja.,Día Internacional de la Cruz Roja y Media Luna Roja,"Declara de interés legislativo día Internacional de la Cruz Roja y Media Luna Roja. La iniciativa reconoce su relevancia social, cultural, educativa o comunitaria para la provincia y promueve su difusión institucional, de acuerdo con los antecedentes incorporados en el expediente.",Sobre tablas,,Transparencia institucional,acompanado,Gonzalo,Presentado,Aprobado,False,,EXP-19904,False,False,https://hcdcorrientes.gov.ar/expedientes/19904/,https://hcdcorrientes.gov.ar/wp-content/uploads/2026/04/Expte-19904.pdf,EXPTE-19904-DECLARACION-de-interes-las-actividades-a-realizarse-por-el-dia-internacional-de-la.pdf,crear,,verificado_fuente_y_pdf_oficial
19933,2026-05-06,6ª Reunión | 6ª Sesión Ordinaria,Declaración,De interés las actividades que se realicen en conmemoración al Día del Trabajador Sanitarista.,Día del Trabajador Sanitarista,"Declara de interés legislativo día del Trabajador Sanitarista. La iniciativa reconoce su relevancia social, cultural, educativa o comunitaria para la provincia y promueve su difusión institucional, de acuerdo con los antecedentes incorporados en el expediente.",Sobre tablas,,Trabajo,acompanado,Gonzalo,Presentado,Aprobado,False,,EXP-19933,False,False,https://hcdcorrientes.gov.ar/expedientes/19933/,https://hcdcorrientes.gov.ar/wp-content/uploads/2026/05/Expte-19933.pdf,EXPTE-19933-DECLARACION-de-interes-las-actividades-que-se-realicen-en-conmemoracion-al-dia-del.pdf,crear,,verificado_fuente_y_pdf_oficial
19935,2026-05-06,6ª Reunión | 6ª Sesión Ordinaria,Declaración,De interés las actividades que se realicen en conmemoración al Día de la Escarapela.,Día de la Escarapela,"Declara de interés legislativo día de la Escarapela. La iniciativa reconoce su relevancia social, cultural, educativa o comunitaria para la provincia y promueve su difusión institucional, de acuerdo con los antecedentes incorporados en el expediente.",Sobre tablas,,Transparencia institucional,acompanado,Gonzalo,Presentado,Aprobado,False,,EXP-19935,False,False,https://hcdcorrientes.gov.ar/expedientes/19935/,https://hcdcorrientes.gov.ar/wp-content/uploads/2026/05/Expte-19935.pdf,EXPTE-19935-DECLARACION-de-interes-las-actividades-que-se-realicen-en-conmemoracion-al-dia-de.pdf,crear,,verificado_fuente_y_pdf_oficial
19936,2026-05-06,6ª Reunión | 6ª Sesión Ordinaria,Declaración,De interés las actividades que se realicen en conmemoración al Día Nacional del Docente Universitario.,Día Nacional del Docente Universitario,"Declara de interés legislativo día Nacional del Docente Universitario. La iniciativa reconoce su relevancia social, cultural, educativa o comunitaria para la provincia y promueve su difusión institucional, de acuerdo con los antecedentes incorporados en el expediente.",Sobre tablas,,Educación,acompanado,Gonzalo,Presentado,Aprobado,False,,EXP-19936,False,False,https://hcdcorrientes.gov.ar/expedientes/19936/,https://hcdcorrientes.gov.ar/wp-content/uploads/2026/05/Expte-19936.pdf,EXPTE-19936-DECLARACION-de-interes-las-actividades-que-se-realicen-en-conmemoracion-al-dia-nac.pdf,crear,,verificado_fuente_y_pdf_oficial
19963,2026-05-13,7ª Reunión | 7ª Sesión Ordinaria,Declaración,De interés los actos y homenajes que se realicen en conmemoración del 216º aniversario de la Revolución de Mayo y Primer Gobierno Patrio.,216º aniversario de la Revolución de Mayo y Primer Gobierno Patrio,"Declara de interés legislativo 216º aniversario de la Revolución de Mayo y Primer Gobierno Patrio. La iniciativa reconoce su relevancia social, cultural, educativa o comunitaria para la provincia y promueve su difusión institucional, de acuerdo con los antecedentes incorporados en el expediente.",Sobre tablas,,Cultura,acompanado,Gonzalo,Presentado,Aprobado,False,,EXP-19963,False,False,https://hcdcorrientes.gov.ar/expedientes/19963/,https://hcdcorrientes.gov.ar/wp-content/uploads/2026/05/Expte-19963-1.pdf,EXPTE-19963-DECLARACION-de-interes-los-actos-y-homenajes-que-se-realicen-en-conmemoracion-del.pdf,crear,,verificado_fuente_y_pdf_oficial
19964,2026-05-13,7ª Reunión | 7ª Sesión Ordinaria,Declaración,De interés el 139º aniversario de la fundación de la localidad de Pueblo Libertador.,139º aniversario de Pueblo Libertador,"Declara de interés legislativo 139º aniversario de Pueblo Libertador. La iniciativa reconoce su relevancia social, cultural, educativa o comunitaria para la provincia y promueve su difusión institucional, de acuerdo con los antecedentes incorporados en el expediente.",Sobre tablas,,Cultura,acompanado,Gonzalo,Presentado,Aprobado,False,,EXP-19964,False,False,https://hcdcorrientes.gov.ar/expedientes/19964/,https://hcdcorrientes.gov.ar/wp-content/uploads/2026/05/Expte-19964.pdf,EXPTE-19964-DECLARACION-de-interes-el-139-aniversario-de-la-fundacion-de-la-localidad-de-puebl.pdf,crear,,verificado_fuente_y_pdf_oficial
19965,2026-05-13,7ª Reunión | 7ª Sesión Ordinaria,Declaración,De interés las actividades que se realicen por el Día Mundial contra el Melanoma.,Día Mundial contra el Melanoma,"Declara de interés legislativo día Mundial contra el Melanoma. La iniciativa reconoce su relevancia social, cultural, educativa o comunitaria para la provincia y promueve su difusión institucional, de acuerdo con los antecedentes incorporados en el expediente.",Sobre tablas,,Salud,acompanado,Gonzalo,Presentado,Aprobado,False,,EXP-19965,False,False,https://hcdcorrientes.gov.ar/expedientes/19965/,https://hcdcorrientes.gov.ar/wp-content/uploads/2026/05/Expte-19965.pdf,EXPTE-19965-DECLARACION-de-interes-las-actividades-que-se-realicen-por-el-dia-mundial-contra-e.pdf,crear,,verificado_fuente_y_pdf_oficial
19981,2026-05-13,7ª Reunión | 7ª Sesión Ordinaria,Declaración,De adhesión y acompañamiento institucional a la Marcha Federal Universitaria del 12 de mayo de 2026 y preocupación por el desfinanciamiento del sistema universitario nacional.,Adhesión a la Marcha Federal Universitaria,"Declara de interés legislativo adhesión a la Marcha Federal Universitaria. La iniciativa reconoce su relevancia social, cultural, educativa o comunitaria para la provincia y promueve su difusión institucional, de acuerdo con los antecedentes incorporados en el expediente.",Sobre tablas,,Educación,coautoria,Gonzalo,Presentado,Aprobado,False,,EXP-19981,False,False,https://hcdcorrientes.gov.ar/expedientes/19981/,https://hcdcorrientes.gov.ar/wp-content/uploads/2026/05/Expte-19981.pdf,EXPTE-19981-DECLARACION-de-adhesion-y-acompanamiento-institucional-a-la-marcha-federal-univers.pdf,crear,,verificado_fuente_y_pdf_oficial
19995,2026-05-27,8ª Reunión | 8ª Sesión Ordinaria,Declaración,De interés las actividades que se realicen en conmemoración del Día Nacional de la Donación de Órganos.,Día Nacional de la Donación de Órganos,"Declara de interés legislativo día Nacional de la Donación de Órganos. La iniciativa reconoce su relevancia social, cultural, educativa o comunitaria para la provincia y promueve su difusión institucional, de acuerdo con los antecedentes incorporados en el expediente.",Sobre tablas,,Transparencia institucional,acompanado,Gonzalo,Presentado,Aprobado,False,,EXP-19995,False,False,https://hcdcorrientes.gov.ar/expedientes/19995/,https://hcdcorrientes.gov.ar/wp-content/uploads/2026/05/Expte-19995.pdf,EXPTE-19995-DECLARACION-de-interes-las-actividades-que-se-realicen-en-conmemoracion-del-dia-na.pdf,crear,,verificado_fuente_y_pdf_oficial
19996,2026-05-27,8ª Reunión | 8ª Sesión Ordinaria,Declaración,De interés las actividades que se realicen en conmemoración del Día Nacional del Bombero Voluntario.,Día Nacional del Bombero Voluntario,"Declara de interés legislativo día Nacional del Bombero Voluntario. La iniciativa reconoce su relevancia social, cultural, educativa o comunitaria para la provincia y promueve su difusión institucional, de acuerdo con los antecedentes incorporados en el expediente.",Sobre tablas,,Transparencia institucional,acompanado,Gonzalo,Presentado,Aprobado,False,,EXP-19996,False,False,https://hcdcorrientes.gov.ar/expedientes/19996/,https://hcdcorrientes.gov.ar/wp-content/uploads/2026/05/Expte-19996.pdf,EXPTE-19996-DECLARACION-de-interes-las-actividades-que-se-realicen-en-conmemoracion-del-dia-na.pdf,crear,,verificado_fuente_y_pdf_oficial
20010,2026-05-27,8ª Reunión | 8ª Sesión Ordinaria,Declaración,De interés el 20º aniversario de la creación del Colegio Secundario “Paraje Los Álamos” de la Segunda Sección Rural del departamento de Goya.,20º aniversario del Colegio Secundario Paraje Los Álamos,"Declara de interés legislativo 20º aniversario del Colegio Secundario Paraje Los Álamos. La iniciativa reconoce su relevancia social, cultural, educativa o comunitaria para la provincia y promueve su difusión institucional, de acuerdo con los antecedentes incorporados en el expediente.",Sobre tablas,,Educación,acompanado,Gonzalo,Presentado,Aprobado,True,P-0077,EXP-20010,False,True,https://hcdcorrientes.gov.ar/expedientes/20010/,https://hcdcorrientes.gov.ar/wp-content/uploads/2026/05/Expte-20010.pdf,EXPTE-20010-DECLARACION-de-interes-el-20-aniversario-de-la-creacion-del-colegio-secundario-par.pdf,actualizar_y_migrar,,verificado_fuente_y_pdf_oficial
20011,2026-05-27,8ª Reunión | 8ª Sesión Ordinaria,Declaración,De interés las actividades que se realicen en conmemoración del Día de la Cruz Roja Argentina.,Día de la Cruz Roja Argentina,"Declara de interés legislativo día de la Cruz Roja Argentina. La iniciativa reconoce su relevancia social, cultural, educativa o comunitaria para la provincia y promueve su difusión institucional, de acuerdo con los antecedentes incorporados en el expediente.",Sobre tablas,,Transparencia institucional,acompanado,Gonzalo,Presentado,Aprobado,False,,EXP-20011,False,False,https://hcdcorrientes.gov.ar/expedientes/20011/,https://hcdcorrientes.gov.ar/wp-content/uploads/2026/05/Expte-20011.pdf,EXPTE-20011-DECLARACION-de-interes-las-actividades-que-se-realicen-en-conmemoracion-del-dia-de.pdf,crear,,verificado_fuente_y_pdf_oficial
20014,2026-05-27,8ª Reunión | 8ª Sesión Ordinaria,Declaración,"De interés la obra literaria “Homenaje al Padre de la Patria”, autoría del Grupo de Estudio de Temáticas Históricos Culturales de Gobernador Virasoro.",Obra literaria Homenaje al Padre de la Patria,"Declara de interés legislativo obra literaria Homenaje al Padre de la Patria. La iniciativa reconoce su relevancia social, cultural, educativa o comunitaria para la provincia y promueve su difusión institucional, de acuerdo con los antecedentes incorporados en el expediente.",Sobre tablas,,Infraestructura,acompanado,Gonzalo,Presentado,Aprobado,False,,EXP-20014,False,False,https://hcdcorrientes.gov.ar/expedientes/20014/,https://hcdcorrientes.gov.ar/wp-content/uploads/2026/05/Expte-20014.pdf,EXPTE-20014-DECLARACION-de-interes-la-obra-literaria-homenaje-al-padre-de-la-patria-autoria-de.pdf,crear,,verificado_fuente_y_pdf_oficial
20043,2026-06-03,9ª Reunión | 9ª Sesión Ordinaria,Declaración,"De interés las actividades, marchas, concentraciones y jornadas de reflexión que se realicen en el marco del “Ni Una Menos” el día 3 de junio.",Actividades de Ni Una Menos,"Declara de interés legislativo actividades de Ni Una Menos. La iniciativa reconoce su relevancia social, cultural, educativa o comunitaria para la provincia y promueve su difusión institucional, de acuerdo con los antecedentes incorporados en el expediente.",Sobre tablas,,Transparencia institucional,acompanado,Gonzalo,Presentado,Aprobado,False,,EXP-20043,False,False,https://hcdcorrientes.gov.ar/expedientes/20043/,https://hcdcorrientes.gov.ar/wp-content/uploads/2026/05/Expte-20043.pdf,EXPTE-20043-DECLARACION-de-interes-las-actividades-marchas-concentraciones-y-jornadas-de-refle.pdf,crear,,verificado_fuente_y_pdf_oficial
20042,2026-06-03,9ª Reunión | 9ª Sesión Ordinaria,Declaración,"De interés el XXVII Encuentro Nacional de Consejos de Administración de Cooperativas Escolares y Comisiones Directivas de Mutuales Escolares (ENCACE), organizado conjuntamente por la Célula Argentina y Latinoamericana de Cooperativismo y Mutualismo Educacional (CALCME) y el Gobierno de la Provincia de San Luis.",XXVII Encuentro Nacional de Cooperativas y Mutuales Escolares,"Declara de interés legislativo xXVII Encuentro Nacional de Cooperativas y Mutuales Escolares. La iniciativa reconoce su relevancia social, cultural, educativa o comunitaria para la provincia y promueve su difusión institucional, de acuerdo con los antecedentes incorporados en el expediente.",Sobre tablas,,Educación,acompanado,Gonzalo,Presentado,Aprobado,False,,EXP-20042,False,False,https://hcdcorrientes.gov.ar/expedientes/20042/,https://hcdcorrientes.gov.ar/wp-content/uploads/2026/05/Expte-20042.pdf,EXPTE-20042-DECLARACION-de-interes-el-xxvii-encuentro-nacional-de-consejos-de-administracion-d.pdf,crear,,verificado_fuente_y_pdf_oficial
20044,2026-06-03,9ª Reunión | 9ª Sesión Ordinaria,Declaración,"De interés la Jornada en conmemoración al Día Mundial del Medio Ambiente, organizada por alumnos del Profesorado de Nivel Secundario en Geografía del Instituto de Formación y Capacitación Docente Nº 1.",Jornada por el Día Mundial del Medio Ambiente,"Declara de interés legislativo jornada por el Día Mundial del Medio Ambiente. La iniciativa reconoce su relevancia social, cultural, educativa o comunitaria para la provincia y promueve su difusión institucional, de acuerdo con los antecedentes incorporados en el expediente.",Sobre tablas,,Educación,acompanado,Gonzalo,Presentado,Aprobado,False,,EXP-20044,False,False,https://hcdcorrientes.gov.ar/expedientes/20044/,https://hcdcorrientes.gov.ar/wp-content/uploads/2026/05/Expte-20044.pdf,EXPTE-20044-DECLARACION-de-interes-la-jornada-en-conmemoracion-al-dia-mundial-del-medio-ambien.pdf,crear,,verificado_fuente_y_pdf_oficial
20054,2026-06-03,9ª Reunión | 9ª Sesión Ordinaria,Declaración,De interés las actividades que se realicen en conmemoración del Día Mundial contra el Trabajo Infantil.,Día Mundial contra el Trabajo Infantil,"Declara de interés legislativo día Mundial contra el Trabajo Infantil. La iniciativa reconoce su relevancia social, cultural, educativa o comunitaria para la provincia y promueve su difusión institucional, de acuerdo con los antecedentes incorporados en el expediente.",Sobre tablas,,Niñez y Adolescencia,acompanado,Gonzalo,Presentado,Aprobado,False,,EXP-20054,False,False,https://hcdcorrientes.gov.ar/expedientes/20054/,https://hcdcorrientes.gov.ar/wp-content/uploads/2026/05/Expte-20054.pdf,EXPTE-20054-DECLARACION-de-interes-las-actividades-que-se-realicen-en-conmemoracion-del-dia-mu.pdf,crear,,verificado_fuente_y_pdf_oficial
20055,2026-06-03,9ª Reunión | 9ª Sesión Ordinaria,Declaración,De interés las actividades que se realicen en conmemoración del Día Mundial de Toma de Conciencia del Abuso y Maltrato en la Vejez.,Día Mundial de Toma de Conciencia del Abuso y Maltrato en la Vejez,"Declara de interés legislativo día Mundial de Toma de Conciencia del Abuso y Maltrato en la Vejez. La iniciativa reconoce su relevancia social, cultural, educativa o comunitaria para la provincia y promueve su difusión institucional, de acuerdo con los antecedentes incorporados en el expediente.",Sobre tablas,,Transparencia institucional,acompanado,Gonzalo,Presentado,Aprobado,False,,EXP-20055,False,False,https://hcdcorrientes.gov.ar/expedientes/20055/,https://hcdcorrientes.gov.ar/wp-content/uploads/2026/05/Expte-20055.pdf,EXPTE-20055-DECLARACION-de-interes-las-actividades-que-se-realicen-en-conmemoracion-del-dia-mu.pdf,crear,,verificado_fuente_y_pdf_oficial
20056,2026-06-03,9ª Reunión | 9ª Sesión Ordinaria,Declaración,De interés las actividades que se realicen en conmemoración del Día Mundial del Donante de Sangre.,Día Mundial del Donante de Sangre,"Declara de interés legislativo día Mundial del Donante de Sangre. La iniciativa reconoce su relevancia social, cultural, educativa o comunitaria para la provincia y promueve su difusión institucional, de acuerdo con los antecedentes incorporados en el expediente.",Sobre tablas,,Salud,acompanado,Gonzalo,Presentado,Aprobado,False,,EXP-20056,False,False,https://hcdcorrientes.gov.ar/expedientes/20056/,https://hcdcorrientes.gov.ar/wp-content/uploads/2026/05/Expte-20056.pdf,EXPTE-20056-DECLARACION-de-interes-las-actividades-que-se-realicen-en-conmemoracion-del-dia-mu.pdf,crear,,verificado_fuente_y_pdf_oficial
20067,2026-06-17,10ª Reunión | 10ª Sesión Ordinaria,Declaración,"De interés la obra literaria, Antología “Eco de memorias infinitas”, compilada por el Taller Literario Ñuvaití, en el marco del Centenario de la Imposición del nombre Ing. Valentín Virasoro a la ciudad.",Antología Eco de memorias infinitas,"Declara de interés legislativo antología Eco de memorias infinitas. La iniciativa reconoce su relevancia social, cultural, educativa o comunitaria para la provincia y promueve su difusión institucional, de acuerdo con los antecedentes incorporados en el expediente.",Sobre tablas,,Infraestructura,acompanado,Gonzalo,Presentado,Aprobado,False,,EXP-20067,False,False,https://hcdcorrientes.gov.ar/expedientes/20067/,https://hcdcorrientes.gov.ar/wp-content/uploads/2026/06/Expte-20067.pdf,EXPTE-20067-DECLARACION-de-interes-la-obra-literaria-antologia-eco-de-memorias-infinitas-compi.pdf,crear,,verificado_fuente_y_pdf_oficial
20084,2026-06-17,10ª Reunión | 10ª Sesión Ordinaria,Declaración,De interés las actividades que se realicen en conmemoración del Día de la Bandera.,Día de la Bandera,"Declara de interés legislativo día de la Bandera. La iniciativa reconoce su relevancia social, cultural, educativa o comunitaria para la provincia y promueve su difusión institucional, de acuerdo con los antecedentes incorporados en el expediente.",Sobre tablas,,Cultura,acompanado,Gonzalo,Presentado,Aprobado,False,,EXP-20084,False,False,https://hcdcorrientes.gov.ar/expedientes/20084/,https://hcdcorrientes.gov.ar/wp-content/uploads/2026/06/Expte-20084.pdf,EXPTE-20084-DECLARACION-de-interes-las-actividades-que-se-realicen-en-conmemoracion-del-dia-de.pdf,crear,,verificado_fuente_y_pdf_oficial
20100,2026-06-17,10ª Reunión | 10ª Sesión Ordinaria,Declaración,"De beneplácito y reconocimiento por el destacado desempeño de las atletas correntinas en el Campeonato Nacional de Trail y Montaña 2026, en el marco del “Ultra Trail Merlo 2026” en la provincia de San Luis.",Reconocimiento por el destacado desempeño de las atletas correntinas,"Declara de interés legislativo reconocimiento por el destacado desempeño de las atletas correntinas. La iniciativa reconoce su relevancia social, cultural, educativa o comunitaria para la provincia y promueve su difusión institucional, de acuerdo con los antecedentes incorporados en el expediente.",Sobre tablas,,Deportes,acompanado,Gonzalo,Presentado,Aprobado,False,,EXP-20100,False,False,https://hcdcorrientes.gov.ar/expedientes/20100/,https://hcdcorrientes.gov.ar/wp-content/uploads/2026/06/Expte-20100.pdf,EXPTE-20100-DECLARACION-de-beneplacito-y-reconocimiento-por-el-destacado-desempeno-de-las-atle.pdf,crear,,verificado_fuente_y_pdf_oficial
20116,2026-06-17,10ª Reunión | 10ª Sesión Ordinaria,Declaración,De interés las actividades que se realicen en conmemoración del Día del Camarógrafo.,Día del Camarógrafo,"Declara de interés legislativo día del Camarógrafo. La iniciativa reconoce su relevancia social, cultural, educativa o comunitaria para la provincia y promueve su difusión institucional, de acuerdo con los antecedentes incorporados en el expediente.",Sobre tablas,,Transparencia institucional,acompanado,Gonzalo,Presentado,Aprobado,False,,EXP-20116,False,False,https://hcdcorrientes.gov.ar/expedientes/20116/,https://hcdcorrientes.gov.ar/wp-content/uploads/2026/06/Expte-20116.pdf,EXPTE-20116-DECLARACION-de-interes-las-actividades-que-se-realicen-en-conmemoracion-del-dia-de.pdf,crear,,verificado_fuente_y_pdf_oficial
20117,2026-06-17,10ª Reunión | 10ª Sesión Ordinaria,Declaración,De interés las actividades que se realicen en conmemoración del Día de la Prefectura Naval Argentina.,Día de la Prefectura Naval Argentina,"Declara de interés legislativo día de la Prefectura Naval Argentina. La iniciativa reconoce su relevancia social, cultural, educativa o comunitaria para la provincia y promueve su difusión institucional, de acuerdo con los antecedentes incorporados en el expediente.",Sobre tablas,,Transparencia institucional,acompanado,Gonzalo,Presentado,Aprobado,False,,EXP-20117,False,False,https://hcdcorrientes.gov.ar/expedientes/20117/,https://hcdcorrientes.gov.ar/wp-content/uploads/2026/06/Expte-20117.pdf,EXPTE-20117-DECLARACION-de-interes-las-actividades-que-se-realicen-en-conmemoracion-del-dia-de.pdf,crear,,verificado_fuente_y_pdf_oficial
20118,2026-06-17,10ª Reunión | 10ª Sesión Ordinaria,Declaración,De interés las actividades que se realicen en conmemoración del Día del Trabajador del Estado.,Día del Trabajador del Estado,"Declara de interés legislativo día del Trabajador del Estado. La iniciativa reconoce su relevancia social, cultural, educativa o comunitaria para la provincia y promueve su difusión institucional, de acuerdo con los antecedentes incorporados en el expediente.",Sobre tablas,,Trabajo,acompanado,Gonzalo,Presentado,Aprobado,False,,EXP-20118,False,False,https://hcdcorrientes.gov.ar/expedientes/20118/,https://hcdcorrientes.gov.ar/wp-content/uploads/2026/06/Expte-20118.pdf,EXPTE-20118-DECLARACION-de-interes-las-actividades-que-se-realicen-en-conmemoracion-del-dia-de.pdf,crear,,verificado_fuente_y_pdf_oficial
20119,2026-06-17,10ª Reunión | 10ª Sesión Ordinaria,Declaración,De interés el 61º aniversario del Instituto Correntino de Ayuda al Lisiado (ICAL).,61º aniversario del Instituto Correntino de Ayuda al Lisiado,"Declara de interés legislativo 61º aniversario del Instituto Correntino de Ayuda al Lisiado. La iniciativa reconoce su relevancia social, cultural, educativa o comunitaria para la provincia y promueve su difusión institucional, de acuerdo con los antecedentes incorporados en el expediente.",Sobre tablas,,Discapacidad,acompanado,Gonzalo,Presentado,Aprobado,False,,EXP-20119,False,False,https://hcdcorrientes.gov.ar/expedientes/20119/,https://hcdcorrientes.gov.ar/wp-content/uploads/2026/06/Expte-20119.pdf,EXPTE-20119-DECLARACION-de-interes-el-61-aniversario-del-instituto-correntino-de-ayuda-al-lisi.pdf,crear,,verificado_fuente_y_pdf_oficial
20134,2026-07-08,11ª Reunión | 11ª Sesión Ordinaria,Declaración,De interés el 210º aniversario de la Declaración de la Independencia.,210º aniversario de la Declaración de la Independencia,"Declara de interés legislativo 210º aniversario de la Declaración de la Independencia. La iniciativa reconoce su relevancia social, cultural, educativa o comunitaria para la provincia y promueve su difusión institucional, de acuerdo con los antecedentes incorporados en el expediente.",Sobre tablas,,Cultura,acompanado,Gonzalo,Presentado,Aprobado,False,,EXP-20134,False,False,https://hcdcorrientes.gov.ar/expedientes/20134/,https://hcdcorrientes.gov.ar/wp-content/uploads/2026/07/Expte-20134.pdf,EXPTE-20134-DECLARACION-de-interes-el-210-aniversario-de-la-declaracion-de-la-independencia.pdf,crear,,verificado_fuente_y_pdf_oficial
20145,2026-07-08,11ª Reunión | 11ª Sesión Ordinaria,Declaración,De interés las actividades que se realicen en conmemoración del Día Nacional de la Medicina Social.,Día Nacional de la Medicina Social,"Declara de interés legislativo día Nacional de la Medicina Social. La iniciativa reconoce su relevancia social, cultural, educativa o comunitaria para la provincia y promueve su difusión institucional, de acuerdo con los antecedentes incorporados en el expediente.",Sobre tablas,,Transparencia institucional,acompanado,Gonzalo,Presentado,Aprobado,False,,EXP-20145,False,False,https://hcdcorrientes.gov.ar/expedientes/20145/,https://hcdcorrientes.gov.ar/wp-content/uploads/2026/07/Expte-20145.pdf,EXPTE-20145-DECLARACION-de-interes-las-actividades-que-se-realicen-en-conmemoracion-del-dia-na.pdf,crear,,verificado_fuente_y_pdf_oficial
20176,2026-07-08,11ª Reunión | 11ª Sesión Ordinaria,Declaración,De interés el 22º aniversario de la creación del Municipio de Villa Olivari.,22º aniversario del Municipio de Villa Olivari,"Declara de interés legislativo 22º aniversario del Municipio de Villa Olivari. La iniciativa reconoce su relevancia social, cultural, educativa o comunitaria para la provincia y promueve su difusión institucional, de acuerdo con los antecedentes incorporados en el expediente.",Sobre tablas,,Cultura,acompanado,Gonzalo,Presentado,Aprobado,False,,EXP-20176,False,False,https://hcdcorrientes.gov.ar/expedientes/20176/,https://hcdcorrientes.gov.ar/wp-content/uploads/2026/07/Expte-20176.pdf,EXPTE-20176-DECLARACION-de-interes-el-22-aniversario-de-la-creacion-del-municipio-de-villa-oli.pdf,crear,,verificado_fuente_y_pdf_oficial
20177,2026-07-08,11ª Reunión | 11ª Sesión Ordinaria,Declaración,De interés las actividades que se realicen en conmemoración del Día de la Ganadería.,Día de la Ganadería,"Declara de interés legislativo día de la Ganadería. La iniciativa reconoce su relevancia social, cultural, educativa o comunitaria para la provincia y promueve su difusión institucional, de acuerdo con los antecedentes incorporados en el expediente.",Sobre tablas,,Producción,acompanado,Gonzalo,Presentado,Aprobado,False,,EXP-20177,False,False,https://hcdcorrientes.gov.ar/expedientes/20177/,https://hcdcorrientes.gov.ar/wp-content/uploads/2026/07/Expte-20177.pdf,EXPTE-20177-DECLARACION-de-interes-las-actividades-que-se-realicen-en-conmemoracion-del-dia-de.pdf,crear,,verificado_fuente_y_pdf_oficial
20192,2026-07-08,11ª Reunión | 11ª Sesión Ordinaria,Declaración,De interés el 118º aniversario de la fundación de San Lorenzo.,118º aniversario de la fundación de San Lorenzo,"Declara de interés legislativo 118º aniversario de la fundación de San Lorenzo. La iniciativa reconoce su relevancia social, cultural, educativa o comunitaria para la provincia y promueve su difusión institucional, de acuerdo con los antecedentes incorporados en el expediente.",Sobre tablas,,Cultura,acompanado,Gonzalo,Presentado,Aprobado,False,,EXP-20192,False,False,https://hcdcorrientes.gov.ar/expedientes/20192/,https://hcdcorrientes.gov.ar/wp-content/uploads/2026/07/Expte-20192.pdf,EXPTE-20192-DECLARACION-de-interes-el-118-aniversario-de-la-fundacion-de-san-lorenzo.pdf,crear,,verificado_fuente_y_pdf_oficial
